--
-- PostgreSQL database dump
--

\restrict 0Yo8jSa0RTbWRVsH8ewCDuysiGOM2IrzNSKshL8LQlpNoNPPacSSPFlWdAYx9qB

-- Dumped from database version 18.3 (Debian 18.3-1.pgdg12+1)
-- Dumped by pg_dump version 18.3

-- Started on 2026-04-13 00:36:46

SET statement_timeout = 0;
SET lock_timeout = 0;
SET idle_in_transaction_session_timeout = 0;
SET transaction_timeout = 0;
SET client_encoding = 'UTF8';
SET standard_conforming_strings = on;
SELECT pg_catalog.set_config('search_path', '', false);
SET check_function_bodies = false;
SET xmloption = content;
SET client_min_messages = warning;
SET row_security = off;

--
-- TOC entry 5 (class 2615 OID 2200)
-- Name: public; Type: SCHEMA; Schema: -; Owner: -
--

-- *not* creating schema, since initdb creates it


SET default_tablespace = '';

SET default_table_access_method = heap;

--
-- TOC entry 220 (class 1259 OID 17941)
-- Name: activities; Type: TABLE; Schema: public; Owner: -
--

CREATE TABLE public.activities (
    date timestamp(6) without time zone,
    id bigint NOT NULL,
    action character varying(255),
    details character varying(255),
    type character varying(255),
    utilisateur character varying(255)
);


--
-- TOC entry 219 (class 1259 OID 17940)
-- Name: activities_id_seq; Type: SEQUENCE; Schema: public; Owner: -
--

ALTER TABLE public.activities ALTER COLUMN id ADD GENERATED BY DEFAULT AS IDENTITY (
    SEQUENCE NAME public.activities_id_seq
    START WITH 1
    INCREMENT BY 1
    NO MINVALUE
    NO MAXVALUE
    CACHE 1
);


--
-- TOC entry 222 (class 1259 OID 17950)
-- Name: admins; Type: TABLE; Schema: public; Owner: -
--

CREATE TABLE public.admins (
    date_creation timestamp(6) without time zone,
    derniere_connexion timestamp(6) without time zone,
    id bigint NOT NULL,
    avatar_url character varying(255),
    email character varying(255) NOT NULL,
    nom character varying(255) NOT NULL,
    password character varying(255) NOT NULL,
    prenom character varying(255) NOT NULL,
    role character varying(255),
    telephone character varying(255)
);


--
-- TOC entry 221 (class 1259 OID 17949)
-- Name: admins_id_seq; Type: SEQUENCE; Schema: public; Owner: -
--

ALTER TABLE public.admins ALTER COLUMN id ADD GENERATED BY DEFAULT AS IDENTITY (
    SEQUENCE NAME public.admins_id_seq
    START WITH 1
    INCREMENT BY 1
    NO MINVALUE
    NO MAXVALUE
    CACHE 1
);


--
-- TOC entry 224 (class 1259 OID 17965)
-- Name: admissions; Type: TABLE; Schema: public; Owner: -
--

CREATE TABLE public.admissions (
    amount_paid numeric(19,2),
    total_amount numeric(19,2),
    admission_date timestamp(6) without time zone,
    created_at timestamp(6) without time zone,
    doctor_id bigint NOT NULL,
    id bigint NOT NULL,
    patient_id bigint NOT NULL,
    updated_at timestamp(6) without time zone,
    notes text,
    payment_method character varying(255),
    poids character varying(255),
    reason_for_visit text,
    status character varying(255),
    symptoms text,
    taille character varying(255),
    temperature character varying(255),
    tension_arterielle character varying(255),
    CONSTRAINT admissions_status_check CHECK (((status)::text = ANY ((ARRAY['EN_ATTENTE'::character varying, 'EN_COURS'::character varying, 'TERMINE'::character varying, 'ANNULE'::character varying])::text[])))
);


--
-- TOC entry 223 (class 1259 OID 17964)
-- Name: admissions_id_seq; Type: SEQUENCE; Schema: public; Owner: -
--

ALTER TABLE public.admissions ALTER COLUMN id ADD GENERATED BY DEFAULT AS IDENTITY (
    SEQUENCE NAME public.admissions_id_seq
    START WITH 1
    INCREMENT BY 1
    NO MINVALUE
    NO MAXVALUE
    CACHE 1
);


--
-- TOC entry 225 (class 1259 OID 17976)
-- Name: app_config; Type: TABLE; Schema: public; Owner: -
--

CREATE TABLE public.app_config (
    allow_self_registration boolean,
    session_timeout integer,
    id bigint NOT NULL,
    updated_at timestamp(6) without time zone,
    app_description character varying(255),
    app_name character varying(255),
    language character varying(255),
    logo_url character varying(255),
    timezone character varying(255)
);


--
-- TOC entry 227 (class 1259 OID 17985)
-- Name: attendance; Type: TABLE; Schema: public; Owner: -
--

CREATE TABLE public.attendance (
    work_hours double precision,
    check_in timestamp(6) without time zone,
    check_out timestamp(6) without time zone,
    employee_id bigint NOT NULL,
    id bigint NOT NULL,
    status character varying(255)
);


--
-- TOC entry 226 (class 1259 OID 17984)
-- Name: attendance_id_seq; Type: SEQUENCE; Schema: public; Owner: -
--

ALTER TABLE public.attendance ALTER COLUMN id ADD GENERATED BY DEFAULT AS IDENTITY (
    SEQUENCE NAME public.attendance_id_seq
    START WITH 1
    INCREMENT BY 1
    NO MINVALUE
    NO MAXVALUE
    CACHE 1
);


--
-- TOC entry 229 (class 1259 OID 17993)
-- Name: audit_logs; Type: TABLE; Schema: public; Owner: -
--

CREATE TABLE public.audit_logs (
    date timestamp(6) without time zone,
    id bigint NOT NULL,
    action character varying(255),
    cible character varying(255),
    details character varying(255),
    ip character varying(255),
    type character varying(255),
    utilisateur character varying(255)
);


--
-- TOC entry 228 (class 1259 OID 17992)
-- Name: audit_logs_id_seq; Type: SEQUENCE; Schema: public; Owner: -
--

ALTER TABLE public.audit_logs ALTER COLUMN id ADD GENERATED BY DEFAULT AS IDENTITY (
    SEQUENCE NAME public.audit_logs_id_seq
    START WITH 1
    INCREMENT BY 1
    NO MINVALUE
    NO MAXVALUE
    CACHE 1
);


--
-- TOC entry 231 (class 1259 OID 18002)
-- Name: chat_messages; Type: TABLE; Schema: public; Owner: -
--

CREATE TABLE public.chat_messages (
    is_read boolean NOT NULL,
    created_at timestamp(6) without time zone,
    id bigint NOT NULL,
    receiver_id bigint NOT NULL,
    sender_id bigint NOT NULL,
    content text NOT NULL
);


--
-- TOC entry 230 (class 1259 OID 18001)
-- Name: chat_messages_id_seq; Type: SEQUENCE; Schema: public; Owner: -
--

ALTER TABLE public.chat_messages ALTER COLUMN id ADD GENERATED BY DEFAULT AS IDENTITY (
    SEQUENCE NAME public.chat_messages_id_seq
    START WITH 1
    INCREMENT BY 1
    NO MINVALUE
    NO MAXVALUE
    CACHE 1
);


--
-- TOC entry 232 (class 1259 OID 18014)
-- Name: consultation_exams; Type: TABLE; Schema: public; Owner: -
--

CREATE TABLE public.consultation_exams (
    consultation_id bigint NOT NULL,
    service_id bigint,
    note character varying(255)
);


--
-- TOC entry 233 (class 1259 OID 18018)
-- Name: consultation_services; Type: TABLE; Schema: public; Owner: -
--

CREATE TABLE public.consultation_services (
    consultation_id bigint NOT NULL,
    service_id bigint NOT NULL
);


--
-- TOC entry 235 (class 1259 OID 18026)
-- Name: consultations; Type: TABLE; Schema: public; Owner: -
--

CREATE TABLE public.consultations (
    consul_amount_due double precision,
    consul_amount_paid double precision,
    exam_amount_paid numeric(19,2),
    exam_total_amount numeric(19,2),
    fiche_amount_due double precision,
    fiche_amount_paid double precision,
    frais_fiche double precision,
    is_hospitalized boolean,
    requires_lab_test boolean,
    requires_prescription boolean,
    admission_id bigint,
    consultation_date timestamp(6) without time zone,
    created_at timestamp(6) without time zone,
    date_cloture timestamp(6) without time zone,
    date_entree timestamp(6) without time zone,
    date_sortie timestamp(6) without time zone,
    doctor_id bigint NOT NULL,
    id bigint NOT NULL,
    invoice_id bigint,
    patient_id bigint NOT NULL,
    proposed_new_date timestamp(6) without time zone,
    service_id bigint,
    updated_at timestamp(6) without time zone,
    consultation_code character varying(255),
    decision_note text,
    diagnosis text,
    notes text,
    poids character varying(255),
    reason_for_visit text,
    status character varying(255),
    statut character varying(255),
    symptoms text,
    taille character varying(255),
    temperature character varying(255),
    tension_arterielle character varying(255),
    treatment text,
    CONSTRAINT consultations_status_check CHECK (((status)::text = ANY ((ARRAY['EN_ATTENTE'::character varying, 'CONFIRME'::character varying, 'CONFIRMED'::character varying, 'EN_COURS'::character varying, 'TERMINE'::character varying, 'COMPLETED'::character varying, 'ANNULE'::character varying, 'CANCELLED'::character varying, 'ARCHIVED'::character varying, 'ARRIVED'::character varying, 'LABORATOIRE_EN_ATTENTE'::character varying, 'PHARMACIE_EN_ATTENTE'::character varying, 'ATTENTE_PAIEMENT_LABO'::character varying, 'PENDING_PAYMENT'::character varying, 'PAID_PENDING_LAB'::character varying, 'PAID_COMPLETED'::character varying, 'PAYEE'::character varying, 'EXAMENS_PRESCRITS'::character varying, 'EXAMENS_PAYES'::character varying, 'AU_LABO'::character varying, 'RESULTATS_PRETS'::character varying, 'TREATED'::character varying])::text[])))
);


--
-- TOC entry 234 (class 1259 OID 18025)
-- Name: consultations_id_seq; Type: SEQUENCE; Schema: public; Owner: -
--

ALTER TABLE public.consultations ALTER COLUMN id ADD GENERATED BY DEFAULT AS IDENTITY (
    SEQUENCE NAME public.consultations_id_seq
    START WITH 1
    INCREMENT BY 1
    NO MINVALUE
    NO MAXVALUE
    CACHE 1
);


--
-- TOC entry 237 (class 1259 OID 18040)
-- Name: departments; Type: TABLE; Schema: public; Owner: -
--

CREATE TABLE public.departments (
    actif boolean NOT NULL,
    nombre_lits integer,
    nombre_personnel integer,
    id bigint NOT NULL,
    chef character varying(255),
    description text,
    etage character varying(255),
    nom character varying(255) NOT NULL,
    telephone character varying(255)
);


--
-- TOC entry 236 (class 1259 OID 18039)
-- Name: departments_id_seq; Type: SEQUENCE; Schema: public; Owner: -
--

ALTER TABLE public.departments ALTER COLUMN id ADD GENERATED BY DEFAULT AS IDENTITY (
    SEQUENCE NAME public.departments_id_seq
    START WITH 1
    INCREMENT BY 1
    NO MINVALUE
    NO MAXVALUE
    CACHE 1
);


--
-- TOC entry 239 (class 1259 OID 18051)
-- Name: doctors; Type: TABLE; Schema: public; Owner: -
--

CREATE TABLE public.doctors (
    id bigint NOT NULL,
    email character varying(255),
    first_name character varying(255),
    last_name character varying(255),
    phone_number character varying(255),
    photo_url character varying(255),
    specialty character varying(255)
);


--
-- TOC entry 238 (class 1259 OID 18050)
-- Name: doctors_id_seq; Type: SEQUENCE; Schema: public; Owner: -
--

ALTER TABLE public.doctors ALTER COLUMN id ADD GENERATED BY DEFAULT AS IDENTITY (
    SEQUENCE NAME public.doctors_id_seq
    START WITH 1
    INCREMENT BY 1
    NO MINVALUE
    NO MAXVALUE
    CACHE 1
);


--
-- TOC entry 241 (class 1259 OID 18060)
-- Name: document_workflow; Type: TABLE; Schema: public; Owner: -
--

CREATE TABLE public.document_workflow (
    consultation_id bigint,
    created_at timestamp(6) without time zone,
    current_handler bigint,
    id bigint NOT NULL,
    patient_id bigint NOT NULL,
    reference_id bigint,
    updated_at timestamp(6) without time zone,
    current_step character varying(255),
    document_type character varying(255),
    notes text,
    status character varying(255),
    workflow_code character varying(255) NOT NULL,
    CONSTRAINT document_workflow_current_step_check CHECK (((current_step)::text = ANY ((ARRAY['RECEPTION'::character varying, 'CONSULTATION'::character varying, 'LABORATOIRE'::character varying, 'RETOUR_MEDECIN'::character varying, 'PHARMACIE'::character varying, 'FINANCE'::character varying, 'TERMINE'::character varying])::text[]))),
    CONSTRAINT document_workflow_document_type_check CHECK (((document_type)::text = ANY ((ARRAY['ADMISSION'::character varying, 'DOSSIER_PATIENT'::character varying, 'FACTURE'::character varying, 'PRESCRIPTION'::character varying, 'ANALYSE_LABORATOIRE'::character varying, 'CONSULTATION'::character varying])::text[]))),
    CONSTRAINT document_workflow_status_check CHECK (((status)::text = ANY ((ARRAY['EN_COURS'::character varying, 'EN_ATTENTE'::character varying, 'TERMINE'::character varying, 'ANNULE'::character varying])::text[])))
);


--
-- TOC entry 240 (class 1259 OID 18059)
-- Name: document_workflow_id_seq; Type: SEQUENCE; Schema: public; Owner: -
--

ALTER TABLE public.document_workflow ALTER COLUMN id ADD GENERATED BY DEFAULT AS IDENTITY (
    SEQUENCE NAME public.document_workflow_id_seq
    START WITH 1
    INCREMENT BY 1
    NO MINVALUE
    NO MAXVALUE
    CACHE 1
);


--
-- TOC entry 243 (class 1259 OID 18076)
-- Name: employees; Type: TABLE; Schema: public; Owner: -
--

CREATE TABLE public.employees (
    hire_date date,
    is_active boolean,
    salary numeric(10,2),
    created_at timestamp(6) without time zone,
    id bigint NOT NULL,
    updated_at timestamp(6) without time zone,
    user_id bigint NOT NULL,
    bank_account character varying(255),
    contract_type character varying(255),
    department character varying(255),
    emergency_contact_name character varying(255),
    emergency_contact_phone character varying(255),
    employee_code character varying(255) NOT NULL,
    national_id character varying(255),
    "position" character varying(255)
);


--
-- TOC entry 242 (class 1259 OID 18075)
-- Name: employees_id_seq; Type: SEQUENCE; Schema: public; Owner: -
--

ALTER TABLE public.employees ALTER COLUMN id ADD GENERATED BY DEFAULT AS IDENTITY (
    SEQUENCE NAME public.employees_id_seq
    START WITH 1
    INCREMENT BY 1
    NO MINVALUE
    NO MAXVALUE
    CACHE 1
);


--
-- TOC entry 245 (class 1259 OID 18091)
-- Name: expenses; Type: TABLE; Schema: public; Owner: -
--

CREATE TABLE public.expenses (
    amount numeric(15,2) NOT NULL,
    created_at timestamp(6) without time zone NOT NULL,
    created_by_id bigint NOT NULL,
    date timestamp(6) without time zone NOT NULL,
    id bigint NOT NULL,
    category character varying(255) NOT NULL,
    description text,
    CONSTRAINT expenses_category_check CHECK (((category)::text = ANY ((ARRAY['ADMISSION'::character varying, 'LABORATOIRE'::character varying, 'PHARMACIE'::character varying, 'ADMINISTRATION'::character varying, 'AUTRE'::character varying])::text[])))
);


--
-- TOC entry 244 (class 1259 OID 18090)
-- Name: expenses_id_seq; Type: SEQUENCE; Schema: public; Owner: -
--

ALTER TABLE public.expenses ALTER COLUMN id ADD GENERATED BY DEFAULT AS IDENTITY (
    SEQUENCE NAME public.expenses_id_seq
    START WITH 1
    INCREMENT BY 1
    NO MINVALUE
    NO MAXVALUE
    CACHE 1
);


--
-- TOC entry 247 (class 1259 OID 18106)
-- Name: invoice_items; Type: TABLE; Schema: public; Owner: -
--

CREATE TABLE public.invoice_items (
    quantity integer,
    total_price numeric(10,2),
    unit_price numeric(10,2),
    id bigint NOT NULL,
    invoice_id bigint NOT NULL,
    description character varying(255) NOT NULL,
    item_type character varying(255),
    CONSTRAINT invoice_items_item_type_check CHECK (((item_type)::text = ANY ((ARRAY['FICHE'::character varying, 'CONSULTATION'::character varying, 'CONSULTATION_SPECIALISTE'::character varying, 'URGENCE'::character varying, 'MEDICAMENT'::character varying, 'ANALYSE_LABORATOIRE'::character varying, 'HOSPITALISATION'::character varying, 'INTERVENTION'::character varying, 'AUTRE'::character varying])::text[])))
);


--
-- TOC entry 246 (class 1259 OID 18105)
-- Name: invoice_items_id_seq; Type: SEQUENCE; Schema: public; Owner: -
--

ALTER TABLE public.invoice_items ALTER COLUMN id ADD GENERATED BY DEFAULT AS IDENTITY (
    SEQUENCE NAME public.invoice_items_id_seq
    START WITH 1
    INCREMENT BY 1
    NO MINVALUE
    NO MAXVALUE
    CACHE 1
);


--
-- TOC entry 248 (class 1259 OID 18118)
-- Name: invoices; Type: TABLE; Schema: public; Owner: -
--

CREATE TABLE public.invoices (
    discount_amount numeric(10,2),
    paid_amount numeric(10,2),
    subtotal numeric(10,2),
    tax_amount numeric(10,2),
    total_amount numeric(10,2) NOT NULL,
    consultation_id bigint,
    created_at timestamp(6) without time zone,
    created_by bigint,
    id bigint NOT NULL,
    paid_at timestamp(6) without time zone,
    patient_id bigint NOT NULL,
    prescription_id bigint,
    updated_at timestamp(6) without time zone,
    department_source character varying(255),
    invoice_code character varying(255) NOT NULL,
    notes text,
    payment_method character varying(255),
    status character varying(255) NOT NULL,
    CONSTRAINT invoices_department_source_check CHECK (((department_source)::text = ANY ((ARRAY['RECEPTION'::character varying, 'DOCTOR'::character varying, 'LABORATORY'::character varying, 'PHARMACY'::character varying])::text[]))),
    CONSTRAINT invoices_status_check CHECK (((status)::text = ANY ((ARRAY['EN_ATTENTE'::character varying, 'PAYEE'::character varying, 'PARTIELLEMENT_PAYEE'::character varying, 'ANNULEE'::character varying, 'REMBOURSEE'::character varying])::text[])))
);


--
-- TOC entry 289 (class 1259 OID 18714)
-- Name: invoices_id_seq; Type: SEQUENCE; Schema: public; Owner: -
--

ALTER TABLE public.invoices ALTER COLUMN id ADD GENERATED BY DEFAULT AS IDENTITY (
    SEQUENCE NAME public.invoices_id_seq
    START WITH 1
    INCREMENT BY 1
    NO MINVALUE
    NO MAXVALUE
    CACHE 1
);


--
-- TOC entry 288 (class 1259 OID 18713)
-- Name: invoices_seq; Type: SEQUENCE; Schema: public; Owner: -
--

CREATE SEQUENCE public.invoices_seq
    START WITH 100
    INCREMENT BY 1
    NO MINVALUE
    NO MAXVALUE
    CACHE 1;


--
-- TOC entry 250 (class 1259 OID 18136)
-- Name: lab_tests; Type: TABLE; Schema: public; Owner: -
--

CREATE TABLE public.lab_tests (
    from_finance boolean,
    unit_price numeric(19,2),
    consultation_id bigint NOT NULL,
    created_at timestamp(6) without time zone,
    doctor_id bigint,
    id bigint NOT NULL,
    patient_id bigint NOT NULL,
    processed_at timestamp(6) without time zone,
    processed_by bigint,
    requested_at timestamp(6) without time zone,
    requested_by bigint,
    updated_at timestamp(6) without time zone,
    unit character varying(20),
    test_code character varying(50) NOT NULL,
    description text,
    interpretation text,
    normal_range character varying(255),
    priority character varying(255),
    results text,
    status character varying(255),
    test_name character varying(255) NOT NULL,
    test_type character varying(255) NOT NULL,
    CONSTRAINT lab_tests_priority_check CHECK (((priority)::text = ANY ((ARRAY['BASSE'::character varying, 'NORMALE'::character varying, 'HAUTE'::character varying, 'URGENTE'::character varying])::text[]))),
    CONSTRAINT lab_tests_status_check CHECK (((status)::text = ANY ((ARRAY['EN_ATTENTE'::character varying, 'EN_COURS'::character varying, 'TERMINE'::character varying, 'ANNULE'::character varying, 'RESULTAT_DISPONIBLE'::character varying])::text[])))
);


--
-- TOC entry 249 (class 1259 OID 18135)
-- Name: lab_tests_id_seq; Type: SEQUENCE; Schema: public; Owner: -
--

ALTER TABLE public.lab_tests ALTER COLUMN id ADD GENERATED BY DEFAULT AS IDENTITY (
    SEQUENCE NAME public.lab_tests_id_seq
    START WITH 1
    INCREMENT BY 1
    NO MINVALUE
    NO MAXVALUE
    CACHE 1
);


--
-- TOC entry 252 (class 1259 OID 18154)
-- Name: medical_records; Type: TABLE; Schema: public; Owner: -
--

CREATE TABLE public.medical_records (
    height double precision,
    temperature double precision,
    weight double precision,
    created_at timestamp(6) without time zone,
    doctor_id bigint,
    id bigint NOT NULL,
    patient_id bigint NOT NULL,
    updated_at timestamp(6) without time zone,
    blood_pressure character varying(255),
    diagnosis text,
    notes text,
    record_code character varying(255) NOT NULL,
    status character varying(255),
    symptoms text,
    treatment text,
    vital_signs text,
    CONSTRAINT medical_records_status_check CHECK (((status)::text = ANY ((ARRAY['EN_COURS'::character varying, 'TERMINE'::character varying, 'ANNULE'::character varying, 'ARCHIVE'::character varying, 'ARRIVED'::character varying, 'URGENT'::character varying])::text[])))
);


--
-- TOC entry 251 (class 1259 OID 18153)
-- Name: medical_records_id_seq; Type: SEQUENCE; Schema: public; Owner: -
--

ALTER TABLE public.medical_records ALTER COLUMN id ADD GENERATED BY DEFAULT AS IDENTITY (
    SEQUENCE NAME public.medical_records_id_seq
    START WITH 1
    INCREMENT BY 1
    NO MINVALUE
    NO MAXVALUE
    CACHE 1
);


--
-- TOC entry 254 (class 1259 OID 18168)
-- Name: medical_services; Type: TABLE; Schema: public; Owner: -
--

CREATE TABLE public.medical_services (
    duree integer,
    is_active boolean,
    prix double precision NOT NULL,
    id bigint NOT NULL,
    departement character varying(255) NOT NULL,
    description character varying(255),
    nom character varying(255) NOT NULL
);


--
-- TOC entry 253 (class 1259 OID 18167)
-- Name: medical_services_id_seq; Type: SEQUENCE; Schema: public; Owner: -
--

ALTER TABLE public.medical_services ALTER COLUMN id ADD GENERATED BY DEFAULT AS IDENTITY (
    SEQUENCE NAME public.medical_services_id_seq
    START WITH 1
    INCREMENT BY 1
    NO MINVALUE
    NO MAXVALUE
    CACHE 1
);


--
-- TOC entry 256 (class 1259 OID 18180)
-- Name: medications; Type: TABLE; Schema: public; Owner: -
--

CREATE TABLE public.medications (
    is_active boolean,
    minimum_stock integer,
    price numeric(10,2),
    purchase_date date,
    requires_prescription boolean,
    stock_quantity integer,
    unit_price numeric(10,2),
    created_at timestamp(6) without time zone,
    expiry_date timestamp(6) without time zone,
    id bigint NOT NULL,
    updated_at timestamp(6) without time zone,
    category character varying(255),
    description text,
    form character varying(255),
    generic_name character varying(255),
    manufacturer character varying(255),
    medication_code character varying(255) NOT NULL,
    name character varying(255) NOT NULL,
    strength character varying(255),
    supplier character varying(255),
    CONSTRAINT medications_form_check CHECK (((form)::text = ANY ((ARRAY['COMPRISE'::character varying, 'SOLUTION'::character varying, 'OVULE'::character varying, 'SIROP'::character varying, 'INJECTABLE'::character varying, 'GELULE'::character varying, 'CREME'::character varying, 'POMMADE'::character varying, 'GOUTTES'::character varying, 'INHALATEUR'::character varying, 'PATCH'::character varying, 'SUPPOSITOIRE'::character varying])::text[])))
);


--
-- TOC entry 255 (class 1259 OID 18179)
-- Name: medications_id_seq; Type: SEQUENCE; Schema: public; Owner: -
--

ALTER TABLE public.medications ALTER COLUMN id ADD GENERATED BY DEFAULT AS IDENTITY (
    SEQUENCE NAME public.medications_id_seq
    START WITH 1
    INCREMENT BY 1
    NO MINVALUE
    NO MAXVALUE
    CACHE 1
);


--
-- TOC entry 258 (class 1259 OID 18194)
-- Name: notifications; Type: TABLE; Schema: public; Owner: -
--

CREATE TABLE public.notifications (
    is_read boolean,
    created_at timestamp(6) without time zone,
    id bigint NOT NULL,
    reference_id bigint,
    user_id bigint NOT NULL,
    message text NOT NULL,
    title character varying(255) NOT NULL,
    type character varying(255) NOT NULL,
    CONSTRAINT notifications_type_check CHECK (((type)::text = ANY ((ARRAY['RENDEZ_VOUS'::character varying, 'DOCUMENT'::character varying, 'FACTURATION'::character varying, 'PAIEMENT'::character varying, 'PAIEMENT_RECU'::character varying, 'EXAMEN_A_REALISER'::character varying, 'MEDICAMENT_A_PREPARER'::character varying, 'CONSULTATION_TERMINEE'::character varying, 'SYSTEME'::character varying])::text[])))
);


--
-- TOC entry 257 (class 1259 OID 18193)
-- Name: notifications_id_seq; Type: SEQUENCE; Schema: public; Owner: -
--

ALTER TABLE public.notifications ALTER COLUMN id ADD GENERATED BY DEFAULT AS IDENTITY (
    SEQUENCE NAME public.notifications_id_seq
    START WITH 1
    INCREMENT BY 1
    NO MINVALUE
    NO MAXVALUE
    CACHE 1
);


--
-- TOC entry 260 (class 1259 OID 18208)
-- Name: patient_documents; Type: TABLE; Schema: public; Owner: -
--

CREATE TABLE public.patient_documents (
    amount_paid double precision,
    remaining_credit double precision,
    total_amount double precision,
    consultation_id bigint,
    created_at timestamp(6) without time zone,
    id bigint NOT NULL,
    patient_id bigint,
    document_type character varying(255) NOT NULL,
    file_name character varying(255) NOT NULL,
    file_path text NOT NULL,
    file_url text,
    patient_name character varying(255),
    payment_status character varying(255),
    content bytea,
    file_size bigint,
    mime_type character varying(255),
    CONSTRAINT patient_documents_document_type_check CHECK (((document_type)::text = ANY ((ARRAY['ADMISSION'::character varying, 'DOSSIER_PATIENT'::character varying, 'FACTURE'::character varying, 'PRESCRIPTION'::character varying, 'ANALYSE_LABORATOIRE'::character varying, 'CONSULTATION'::character varying])::text[])))
);


--
-- TOC entry 259 (class 1259 OID 18207)
-- Name: patient_documents_id_seq; Type: SEQUENCE; Schema: public; Owner: -
--

ALTER TABLE public.patient_documents ALTER COLUMN id ADD GENERATED BY DEFAULT AS IDENTITY (
    SEQUENCE NAME public.patient_documents_id_seq
    START WITH 1
    INCREMENT BY 1
    NO MINVALUE
    NO MAXVALUE
    CACHE 1
);


--
-- TOC entry 262 (class 1259 OID 18221)
-- Name: patients; Type: TABLE; Schema: public; Owner: -
--

CREATE TABLE public.patients (
    date_of_birth date,
    heart_rate integer,
    height integer,
    is_active boolean,
    temperature double precision,
    weight double precision,
    created_at timestamp(6) without time zone,
    created_by bigint,
    id bigint NOT NULL,
    updated_at timestamp(6) without time zone,
    user_id bigint,
    address text,
    allergies text,
    birth_place character varying(255),
    blood_pressure character varying(255),
    blood_type character varying(255),
    chronic_diseases text,
    city character varying(255),
    email character varying(255),
    emergency_contact character varying(255),
    emergency_phone character varying(255),
    first_name character varying(255) NOT NULL,
    gender character varying(255),
    health_area character varying(255),
    insurance_number character varying(255),
    insurance_provider character varying(255),
    last_name character varying(255) NOT NULL,
    marital_status character varying(255),
    nationality character varying(255),
    patient_code character varying(255) NOT NULL,
    phone_number character varying(255),
    photo_url text,
    profession character varying(255),
    religion character varying(255),
    symptoms text,
    CONSTRAINT patients_gender_check CHECK (((gender)::text = ANY ((ARRAY['MASCULIN'::character varying, 'FEMININ'::character varying, 'AUTRE'::character varying])::text[])))
);


--
-- TOC entry 261 (class 1259 OID 18220)
-- Name: patients_id_seq; Type: SEQUENCE; Schema: public; Owner: -
--

ALTER TABLE public.patients ALTER COLUMN id ADD GENERATED BY DEFAULT AS IDENTITY (
    SEQUENCE NAME public.patients_id_seq
    START WITH 1
    INCREMENT BY 1
    NO MINVALUE
    NO MAXVALUE
    CACHE 1
);


--
-- TOC entry 264 (class 1259 OID 18240)
-- Name: pharmacy_order_items; Type: TABLE; Schema: public; Owner: -
--

CREATE TABLE public.pharmacy_order_items (
    is_external boolean,
    quantity integer NOT NULL,
    quantity_dispensed integer,
    total_price numeric(19,2),
    unit_price numeric(10,2) NOT NULL,
    created_at timestamp(6) without time zone,
    id bigint NOT NULL,
    medication_id bigint NOT NULL,
    pharmacy_order_id bigint NOT NULL,
    updated_at timestamp(6) without time zone,
    batch_number character varying(255),
    dosage_instructions text,
    expiry_date character varying(255)
);


--
-- TOC entry 263 (class 1259 OID 18239)
-- Name: pharmacy_order_items_id_seq; Type: SEQUENCE; Schema: public; Owner: -
--

ALTER TABLE public.pharmacy_order_items ALTER COLUMN id ADD GENERATED BY DEFAULT AS IDENTITY (
    SEQUENCE NAME public.pharmacy_order_items_id_seq
    START WITH 1
    INCREMENT BY 1
    NO MINVALUE
    NO MAXVALUE
    CACHE 1
);


--
-- TOC entry 266 (class 1259 OID 18253)
-- Name: pharmacy_orders; Type: TABLE; Schema: public; Owner: -
--

CREATE TABLE public.pharmacy_orders (
    amount_paid numeric(19,2),
    archived boolean,
    is_external_prescription boolean,
    total_amount numeric(19,2),
    created_at timestamp(6) without time zone,
    created_by bigint,
    dispensed_at timestamp(6) without time zone,
    dispensed_by bigint,
    id bigint NOT NULL,
    patient_id bigint,
    supplier_id bigint,
    updated_at timestamp(6) without time zone,
    validated_at timestamp(6) without time zone,
    validated_by bigint,
    version bigint,
    customer_name character varying(255),
    doctor_notes text,
    external_prescription_number character varying(255),
    notes text,
    order_code character varying(255) NOT NULL,
    order_type character varying(255) NOT NULL,
    payment_method character varying(255),
    payment_reference character varying(255),
    status character varying(255) NOT NULL,
    CONSTRAINT pharmacy_orders_order_type_check CHECK (((order_type)::text = ANY ((ARRAY['VENTE_INTERNE'::character varying, 'ORDONNANCE_EXTERNE'::character varying, 'VENTE_DIRECTE'::character varying, 'APPROVISIONNEMENT'::character varying])::text[]))),
    CONSTRAINT pharmacy_orders_payment_method_check CHECK (((payment_method)::text = ANY ((ARRAY['ESPECES'::character varying, 'CASH'::character varying, 'CARTE_BANCAIRE'::character varying, 'VIREMENT'::character varying, 'CHEQUE'::character varying, 'ASSURANCE'::character varying, 'MOBILE_MONEY'::character varying])::text[]))),
    CONSTRAINT pharmacy_orders_status_check CHECK (((status)::text = ANY ((ARRAY['EN_ATTENTE'::character varying, 'EN_PREPARATION'::character varying, 'PRETE'::character varying, 'PAYEE'::character varying, 'LIVREE'::character varying, 'ANNULEE'::character varying, 'PARTIELLEMENT_LIVREE'::character varying])::text[])))
);


--
-- TOC entry 265 (class 1259 OID 18252)
-- Name: pharmacy_orders_id_seq; Type: SEQUENCE; Schema: public; Owner: -
--

ALTER TABLE public.pharmacy_orders ALTER COLUMN id ADD GENERATED BY DEFAULT AS IDENTITY (
    SEQUENCE NAME public.pharmacy_orders_id_seq
    START WITH 1
    INCREMENT BY 1
    NO MINVALUE
    NO MAXVALUE
    CACHE 1
);


--
-- TOC entry 268 (class 1259 OID 18270)
-- Name: prescribed_exams; Type: TABLE; Schema: public; Owner: -
--

CREATE TABLE public.prescribed_exams (
    active boolean NOT NULL,
    is_critical boolean,
    quantity integer NOT NULL,
    total_price numeric(19,2),
    unit_price numeric(19,2) NOT NULL,
    consultation_id bigint NOT NULL,
    created_at timestamp(6) without time zone,
    id bigint NOT NULL,
    result_entered_at timestamp(6) without time zone,
    service_id bigint NOT NULL,
    updated_at timestamp(6) without time zone,
    unit character varying(20),
    reference_max character varying(50),
    reference_min character varying(50),
    analysis_method character varying(100),
    reference_range_text character varying(100),
    result_entered_by character varying(100),
    result_value character varying(100),
    cashier_note text,
    doctor_note text,
    lab_comment text,
    lab_note text,
    removal_reason text,
    service_name character varying(255) NOT NULL,
    status character varying(255) NOT NULL,
    CONSTRAINT prescribed_exams_status_check CHECK (((status)::text = ANY ((ARRAY['PENDING'::character varying, 'PRESCRIBED'::character varying, 'ADJUSTED_BY_CASHIER'::character varying, 'PAID'::character varying, 'PAID_PENDING_LAB'::character varying, 'IN_PROGRESS'::character varying, 'COMPLETED'::character varying, 'RESULTS_AVAILABLE'::character varying, 'DELIVERED_TO_DOCTOR'::character varying, 'ARCHIVED'::character varying, 'CANCELLED'::character varying])::text[])))
);


--
-- TOC entry 267 (class 1259 OID 18269)
-- Name: prescribed_exams_id_seq; Type: SEQUENCE; Schema: public; Owner: -
--

ALTER TABLE public.prescribed_exams ALTER COLUMN id ADD GENERATED BY DEFAULT AS IDENTITY (
    SEQUENCE NAME public.prescribed_exams_id_seq
    START WITH 1
    INCREMENT BY 1
    NO MINVALUE
    NO MAXVALUE
    CACHE 1
);


--
-- TOC entry 270 (class 1259 OID 18287)
-- Name: prescription_items; Type: TABLE; Schema: public; Owner: -
--

CREATE TABLE public.prescription_items (
    dispensed_quantity integer,
    duration integer,
    is_dispensed boolean,
    quantity integer,
    quantity_per_dose integer,
    total_price double precision,
    unit_price double precision,
    id bigint NOT NULL,
    medication_id bigint NOT NULL,
    prescription_id bigint NOT NULL,
    dosage character varying(255),
    duration_unit character varying(255),
    frequency character varying(255),
    instructions text
);


--
-- TOC entry 269 (class 1259 OID 18286)
-- Name: prescription_items_id_seq; Type: SEQUENCE; Schema: public; Owner: -
--

ALTER TABLE public.prescription_items ALTER COLUMN id ADD GENERATED BY DEFAULT AS IDENTITY (
    SEQUENCE NAME public.prescription_items_id_seq
    START WITH 1
    INCREMENT BY 1
    NO MINVALUE
    NO MAXVALUE
    CACHE 1
);


--
-- TOC entry 272 (class 1259 OID 18298)
-- Name: prescriptions; Type: TABLE; Schema: public; Owner: -
--

CREATE TABLE public.prescriptions (
    amount_paid numeric(19,2),
    total_amount numeric(19,2),
    consultation_id bigint NOT NULL,
    created_at timestamp(6) without time zone,
    dispensed_at timestamp(6) without time zone,
    dispensed_by bigint,
    doctor_id bigint NOT NULL,
    id bigint NOT NULL,
    paid_at timestamp(6) without time zone,
    paid_by bigint,
    patient_id bigint NOT NULL,
    updated_at timestamp(6) without time zone,
    notes text,
    prescription_code character varying(255) NOT NULL,
    status character varying(255),
    CONSTRAINT prescriptions_status_check CHECK (((status)::text = ANY ((ARRAY['EN_ATTENTE'::character varying, 'PRESCRIPTION_ENVOYEE'::character varying, 'VALIDEE'::character varying, 'PAYEE'::character varying, 'DELIVREE'::character varying, 'PARTIELLEMENT_DELIVREE'::character varying, 'ANNULEE'::character varying])::text[])))
);


--
-- TOC entry 271 (class 1259 OID 18297)
-- Name: prescriptions_id_seq; Type: SEQUENCE; Schema: public; Owner: -
--

ALTER TABLE public.prescriptions ALTER COLUMN id ADD GENERATED BY DEFAULT AS IDENTITY (
    SEQUENCE NAME public.prescriptions_id_seq
    START WITH 1
    INCREMENT BY 1
    NO MINVALUE
    NO MAXVALUE
    CACHE 1
);


--
-- TOC entry 274 (class 1259 OID 18314)
-- Name: price_list; Type: TABLE; Schema: public; Owner: -
--

CREATE TABLE public.price_list (
    is_active boolean,
    unit_price numeric(10,2) NOT NULL,
    department_id bigint,
    id bigint NOT NULL,
    valid_from timestamp(6) without time zone,
    valid_until timestamp(6) without time zone,
    description character varying(255),
    nom character varying(255) NOT NULL,
    service_type character varying(255) NOT NULL,
    CONSTRAINT price_list_service_type_check CHECK (((service_type)::text = ANY ((ARRAY['FICHE'::character varying, 'CONSULTATION_GENERALE'::character varying, 'CONSULTATION_SPECIALISTE'::character varying, 'URGENCE'::character varying, 'HOSPITALISATION_JOUR'::character varying, 'HOSPITALISATION_NUIT'::character varying])::text[])))
);


--
-- TOC entry 273 (class 1259 OID 18313)
-- Name: price_list_id_seq; Type: SEQUENCE; Schema: public; Owner: -
--

ALTER TABLE public.price_list ALTER COLUMN id ADD GENERATED BY DEFAULT AS IDENTITY (
    SEQUENCE NAME public.price_list_id_seq
    START WITH 1
    INCREMENT BY 1
    NO MINVALUE
    NO MAXVALUE
    CACHE 1
);


--
-- TOC entry 275 (class 1259 OID 18326)
-- Name: role_permissions; Type: TABLE; Schema: public; Owner: -
--

CREATE TABLE public.role_permissions (
    role_id bigint NOT NULL,
    permission character varying(255)
);


--
-- TOC entry 277 (class 1259 OID 18331)
-- Name: roles; Type: TABLE; Schema: public; Owner: -
--

CREATE TABLE public.roles (
    id bigint NOT NULL,
    couleur character varying(255),
    description character varying(255),
    nom character varying(255) NOT NULL
);


--
-- TOC entry 276 (class 1259 OID 18330)
-- Name: roles_id_seq; Type: SEQUENCE; Schema: public; Owner: -
--

ALTER TABLE public.roles ALTER COLUMN id ADD GENERATED BY DEFAULT AS IDENTITY (
    SEQUENCE NAME public.roles_id_seq
    START WITH 1
    INCREMENT BY 1
    NO MINVALUE
    NO MAXVALUE
    CACHE 1
);


--
-- TOC entry 279 (class 1259 OID 18343)
-- Name: signalements; Type: TABLE; Schema: public; Owner: -
--

CREATE TABLE public.signalements (
    created_at timestamp(6) without time zone,
    doctor_id bigint,
    id bigint NOT NULL,
    patient_id bigint,
    description text,
    type character varying(255)
);


--
-- TOC entry 278 (class 1259 OID 18342)
-- Name: signalements_id_seq; Type: SEQUENCE; Schema: public; Owner: -
--

ALTER TABLE public.signalements ALTER COLUMN id ADD GENERATED BY DEFAULT AS IDENTITY (
    SEQUENCE NAME public.signalements_id_seq
    START WITH 1
    INCREMENT BY 1
    NO MINVALUE
    NO MAXVALUE
    CACHE 1
);


--
-- TOC entry 281 (class 1259 OID 18352)
-- Name: stock_movements; Type: TABLE; Schema: public; Owner: -
--

CREATE TABLE public.stock_movements (
    new_stock integer NOT NULL,
    previous_stock integer NOT NULL,
    quantity_change integer NOT NULL,
    created_at timestamp(6) without time zone,
    created_by bigint,
    id bigint NOT NULL,
    medication_id bigint NOT NULL,
    reference_id bigint,
    movement_type character varying(255) NOT NULL,
    notes text,
    reference_type character varying(255),
    CONSTRAINT stock_movements_movement_type_check CHECK (((movement_type)::text = ANY ((ARRAY['SORTIE_PRESCRIPTION'::character varying, 'SORTIE_MANUELLE'::character varying, 'ENTREE_ACHAT'::character varying, 'ENTREE_RETOUR'::character varying, 'AJUSTEMENT_INVENTAIRE'::character varying, 'ANNULATION'::character varying])::text[])))
);


--
-- TOC entry 280 (class 1259 OID 18351)
-- Name: stock_movements_id_seq; Type: SEQUENCE; Schema: public; Owner: -
--

ALTER TABLE public.stock_movements ALTER COLUMN id ADD GENERATED BY DEFAULT AS IDENTITY (
    SEQUENCE NAME public.stock_movements_id_seq
    START WITH 1
    INCREMENT BY 1
    NO MINVALUE
    NO MAXVALUE
    CACHE 1
);


--
-- TOC entry 283 (class 1259 OID 18367)
-- Name: suppliers; Type: TABLE; Schema: public; Owner: -
--

CREATE TABLE public.suppliers (
    is_active boolean,
    is_preferred boolean,
    created_at timestamp(6) without time zone,
    id bigint NOT NULL,
    updated_at timestamp(6) without time zone,
    contact_person character varying(255),
    delivery_time character varying(255),
    description text,
    email_address character varying(255),
    name character varying(255) NOT NULL,
    payment_terms character varying(255),
    phone_number character varying(255),
    physical_address character varying(255),
    supplier_code character varying(255) NOT NULL
);


--
-- TOC entry 282 (class 1259 OID 18366)
-- Name: suppliers_id_seq; Type: SEQUENCE; Schema: public; Owner: -
--

ALTER TABLE public.suppliers ALTER COLUMN id ADD GENERATED BY DEFAULT AS IDENTITY (
    SEQUENCE NAME public.suppliers_id_seq
    START WITH 1
    INCREMENT BY 1
    NO MINVALUE
    NO MAXVALUE
    CACHE 1
);


--
-- TOC entry 285 (class 1259 OID 18380)
-- Name: users; Type: TABLE; Schema: public; Owner: -
--

CREATE TABLE public.users (
    is_active boolean,
    notification_enabled boolean,
    sound_enabled boolean,
    created_at timestamp(6) without time zone,
    department_id bigint,
    id bigint NOT NULL,
    role_id bigint NOT NULL,
    updated_at timestamp(6) without time zone,
    preferred_language character varying(10),
    address text,
    blood_type character varying(255),
    date_of_birth character varying(255),
    email character varying(255) NOT NULL,
    first_name character varying(255) NOT NULL,
    last_name character varying(255) NOT NULL,
    password text NOT NULL,
    phone_number character varying(255),
    photo_url text,
    username character varying(255) NOT NULL,
    is_online boolean,
    last_seen timestamp(6) without time zone
);


--
-- TOC entry 284 (class 1259 OID 18379)
-- Name: users_id_seq; Type: SEQUENCE; Schema: public; Owner: -
--

ALTER TABLE public.users ALTER COLUMN id ADD GENERATED BY DEFAULT AS IDENTITY (
    SEQUENCE NAME public.users_id_seq
    START WITH 1
    INCREMENT BY 1
    NO MINVALUE
    NO MAXVALUE
    CACHE 1
);


--
-- TOC entry 287 (class 1259 OID 18399)
-- Name: workflow_history; Type: TABLE; Schema: public; Owner: -
--

CREATE TABLE public.workflow_history (
    action_by bigint,
    created_at timestamp(6) without time zone,
    id bigint NOT NULL,
    workflow_id bigint NOT NULL,
    action character varying(255),
    from_step character varying(255),
    notes text,
    to_step character varying(255),
    CONSTRAINT workflow_history_from_step_check CHECK (((from_step)::text = ANY ((ARRAY['RECEPTION'::character varying, 'CONSULTATION'::character varying, 'LABORATOIRE'::character varying, 'RETOUR_MEDECIN'::character varying, 'PHARMACIE'::character varying, 'FINANCE'::character varying, 'TERMINE'::character varying])::text[]))),
    CONSTRAINT workflow_history_to_step_check CHECK (((to_step)::text = ANY ((ARRAY['RECEPTION'::character varying, 'CONSULTATION'::character varying, 'LABORATOIRE'::character varying, 'RETOUR_MEDECIN'::character varying, 'PHARMACIE'::character varying, 'FINANCE'::character varying, 'TERMINE'::character varying])::text[])))
);


--
-- TOC entry 286 (class 1259 OID 18398)
-- Name: workflow_history_id_seq; Type: SEQUENCE; Schema: public; Owner: -
--

ALTER TABLE public.workflow_history ALTER COLUMN id ADD GENERATED BY DEFAULT AS IDENTITY (
    SEQUENCE NAME public.workflow_history_id_seq
    START WITH 1
    INCREMENT BY 1
    NO MINVALUE
    NO MAXVALUE
    CACHE 1
);


--
-- TOC entry 3745 (class 0 OID 17941)
-- Dependencies: 220
-- Data for Name: activities; Type: TABLE DATA; Schema: public; Owner: -
--

COPY public.activities (date, id, action, details, type, utilisateur) FROM stdin;
2026-04-08 21:49:11.855004	1	Nouveau Service	Ajout de : Opération 	success	Admin
2026-04-08 21:51:07.754794	2	Modification	Mise à jour du rôle ROLE_LABORATOIRE	info	Admin
2026-04-08 21:51:51.150137	3	Nouveau Rôle	Création du rôle DOCTEUR	success	Admin
2026-04-09 13:16:48.830949	4	Nouveau Service	Ajout de : Consultation générale 	success	Admin
2026-04-09 13:17:45.931519	5	Nouveau Service	Ajout de : Consultation urinaire	success	Admin
2026-04-09 13:18:57.730259	6	Nouveau Service	Ajout de : Examen général 	success	Admin
2026-04-09 13:19:58.464602	7	Nouveau Service	Ajout de : Examen des yeux 	success	Admin
2026-04-09 13:21:39.030398	8	Nouveau Service	Ajout de : Examen des yeux 	success	Admin
2026-04-09 13:21:53.328715	9	Nouveau Service	Ajout de : Examen des yeux 	success	Admin
2026-04-09 13:22:12.651535	10	Suppression Service	Retrait de : Examen des yeux 	warning	Admin
2026-04-09 13:22:23.436028	11	Suppression Service	Retrait de : Examen des yeux 	warning	Admin
2026-04-09 13:23:02.091613	12	Mise à jour Service	Modif de : Examen des yeux 	info	Admin
2026-04-09 13:26:57.730941	13	Nouveau Service	Ajout de : Examen pour la bactérie	success	Admin
2026-04-09 13:28:31.52579	14	Nouveau Service	Ajout de : Examen malaria	success	Admin
\.


--
-- TOC entry 3747 (class 0 OID 17950)
-- Dependencies: 222
-- Data for Name: admins; Type: TABLE DATA; Schema: public; Owner: -
--

COPY public.admins (date_creation, derniere_connexion, id, avatar_url, email, nom, password, prenom, role, telephone) FROM stdin;
\.


--
-- TOC entry 3749 (class 0 OID 17965)
-- Dependencies: 224
-- Data for Name: admissions; Type: TABLE DATA; Schema: public; Owner: -
--

COPY public.admissions (amount_paid, total_amount, admission_date, created_at, doctor_id, id, patient_id, updated_at, notes, payment_method, poids, reason_for_visit, status, symptoms, taille, temperature, tension_arterielle) FROM stdin;
\N	\N	2026-04-08 12:44:43.894329	2026-04-08 13:05:38.899313	2	1	1	2026-04-08 13:05:38.899317	\N	\N	\N	Bonjour 	EN_ATTENTE	\N	\N	\N	\N
\N	\N	2026-04-09 12:14:21.138314	2026-04-09 12:14:21.139125	9	2	1	2026-04-09 12:14:21.139128	\N	\N	70	Maut de tête	EN_ATTENTE	\N	180	32	120/80
\N	\N	2026-04-09 20:27:51.010042	2026-04-09 20:27:51.10576	9	3	9	2026-04-09 20:27:51.105767	\N	\N	60	Maut de ventre	EN_ATTENTE	\N	160	38	120/30
\N	\N	2026-04-11 11:46:01.665536	2026-04-11 11:46:01.666121	9	4	12	2026-04-11 11:46:01.666128	\N	\N	70	Recherche	EN_ATTENTE	\N	150	37	120
\N	\N	2026-04-11 19:15:12.742916	2026-04-11 19:15:12.743362	9	5	10	2026-04-11 19:15:12.743369	\N	\N	68	Inconnu	EN_ATTENTE	\N	170	396	120/80
\N	\N	2026-04-11 21:41:44.70791	2026-04-11 21:41:44.799171	9	6	10	2026-04-11 21:41:44.79919	\N	\N	70	Chaud	EN_ATTENTE	\N	170	38	120/30
\N	\N	2026-04-11 22:15:06.113275	2026-04-11 22:15:06.203822	2	7	12	2026-04-11 22:15:06.203841	\N	\N	23	Test	EN_ATTENTE	\N	70	37	120/80
\N	\N	2026-04-11 22:21:40.308675	2026-04-11 22:21:40.308999	9	8	10	2026-04-11 22:21:40.309003	\N	\N	60	Bien	EN_ATTENTE	\N	170	37	120
\N	\N	2026-04-11 22:39:40.288175	2026-04-11 22:39:40.289303	9	9	12	2026-04-11 22:39:40.28931	\N	\N	61	Visite	EN_ATTENTE	\N	180	37	120/80
\N	\N	2026-04-09 20:09:06.307651	2026-04-12 13:32:55.622698	9	10	11	2026-04-12 13:32:55.6227	\N	\N	\N	Bonjour docteur 	EN_ATTENTE	\N	\N	\N	\N
\N	\N	2026-04-12 22:34:24.629632	2026-04-12 22:34:24.724377	9	11	11	2026-04-12 22:34:24.724393	\N	\N	70	CHECKING GENERAL	EN_ATTENTE	\N	30	37	120
\.


--
-- TOC entry 3750 (class 0 OID 17976)
-- Dependencies: 225
-- Data for Name: app_config; Type: TABLE DATA; Schema: public; Owner: -
--

COPY public.app_config (allow_self_registration, session_timeout, id, updated_at, app_description, app_name, language, logo_url, timezone) FROM stdin;
\N	\N	1	\N	\N	INUA AFIA	\N	\N	\N
\.


--
-- TOC entry 3752 (class 0 OID 17985)
-- Dependencies: 227
-- Data for Name: attendance; Type: TABLE DATA; Schema: public; Owner: -
--

COPY public.attendance (work_hours, check_in, check_out, employee_id, id, status) FROM stdin;
\.


--
-- TOC entry 3754 (class 0 OID 17993)
-- Dependencies: 229
-- Data for Name: audit_logs; Type: TABLE DATA; Schema: public; Owner: -
--

COPY public.audit_logs (date, id, action, cible, details, ip, type, utilisateur) FROM stdin;
2026-04-08 09:07:42.804321	1	CONNEXION	Auth	Réussie	127.0.0.1	success	juif
2026-04-08 09:11:04.600731	2	CONNEXION	Auth	Réussie	127.0.0.1	success	juif
2026-04-08 10:06:24.627479	3	CONNEXION	Auth	Réussie	127.0.0.1	success	juif
2026-04-08 12:13:32.609832	4	CONNEXION	Auth	Réussie	127.0.0.1	success	juif
2026-04-08 12:17:07.406529	5	CONNEXION	Auth	Réussie	127.0.0.1	success	juif
2026-04-08 12:17:16.702338	6	CONNEXION	Auth	Réussie	127.0.0.1	success	juif
2026-04-08 12:22:14.904575	7	CONNEXION	Auth	Réussie	127.0.0.1	success	juif
2026-04-08 12:23:54.01817	8	CONNEXION	Auth	Réussie	127.0.0.1	success	juif
2026-04-08 14:42:08.886442	9	CONNEXION	Auth	Réussie	127.0.0.1	success	juif
2026-04-08 14:52:40.378922	10	CONNEXION	Auth	Réussie	127.0.0.1	success	juif
2026-04-08 15:29:26.990568	11	CONNEXION	Auth	Réussie	127.0.0.1	success	juif
2026-04-08 15:43:10.172472	12	CONNEXION	Auth	Réussie	127.0.0.1	success	juif
2026-04-08 17:38:53.711947	13	CONNEXION	Auth	Réussie	127.0.0.1	success	juif
2026-04-08 17:39:05.81842	14	CONNEXION	Auth	Réussie	127.0.0.1	success	juif
2026-04-08 17:47:11.617354	15	CONNEXION	Auth	Réussie	127.0.0.1	success	juif
2026-04-08 17:49:49.113364	16	CONNEXION	Auth	Réussie	127.0.0.1	success	juif
2026-04-08 17:52:13.229452	17	CONNEXION	Auth	Réussie	127.0.0.1	success	juif
2026-04-08 17:52:44.724304	18	CONNEXION	Auth	Réussie	127.0.0.1	success	juif
2026-04-08 17:54:04.014421	19	CONNEXION	Auth	Réussie	127.0.0.1	success	juif
2026-04-08 18:29:59.169068	20	CONNEXION	Auth	Réussie	127.0.0.1	success	juif
2026-04-08 18:30:32.775366	21	CONNEXION	Auth	Réussie	127.0.0.1	success	juif
2026-04-08 18:31:34.176101	22	CONNEXION	Auth	Réussie	127.0.0.1	success	juif
2026-04-08 20:38:05.390476	23	CONNEXION	Auth	Réussie	127.0.0.1	success	juif
2026-04-08 20:41:46.491894	24	CONNEXION	Auth	Réussie	127.0.0.1	success	admin
2026-04-08 20:44:00.796693	25	CONNEXION	Auth	Réussie	127.0.0.1	success	finace
2026-04-08 20:46:36.199199	26	CONNEXION	Auth	Réussie	127.0.0.1	success	reception
2026-04-08 20:47:59.122086	27	CONNEXION	Auth	Réussie	127.0.0.1	success	labo
2026-04-08 20:49:38.401362	28	CONNEXION	Auth	Réussie	127.0.0.1	success	pharmacie
2026-04-08 20:52:04.891011	29	CONNEXION	Auth	Réussie	127.0.0.1	success	admin
2026-04-08 21:45:49.952616	30	CONNEXION	Auth	Réussie	127.0.0.1	success	admin
2026-04-09 08:23:47.037607	31	CONNEXION	Auth	Réussie	127.0.0.1	success	admin
2026-04-09 08:25:28.748697	32	CONNEXION	Auth	Réussie	127.0.0.1	success	admin
2026-04-09 08:25:46.437454	33	CONNEXION	Auth	Réussie	127.0.0.1	success	admin
2026-04-09 08:31:02.050651	34	CONNEXION	Auth	Réussie	127.0.0.1	success	admin
2026-04-09 08:38:10.548292	35	CONNEXION	Auth	Réussie	127.0.0.1	success	reception
2026-04-09 08:39:34.741358	36	CONNEXION	Auth	Réussie	127.0.0.1	success	reception
2026-04-09 08:47:24.843461	37	CONNEXION	Auth	Réussie	127.0.0.1	success	labo
2026-04-09 08:50:59.146626	38	CONNEXION	Auth	Réussie	127.0.0.1	success	pharmacie
2026-04-09 08:51:33.747541	39	CONNEXION	Auth	Réussie	127.0.0.1	success	admin
2026-04-09 08:53:08.285289	40	CONNEXION	Auth	Réussie	127.0.0.1	success	pharmacie
2026-04-09 09:12:36.446759	41	CONNEXION	Auth	Réussie	127.0.0.1	success	finance
2026-04-09 09:13:11.850427	42	CONNEXION	Auth	Réussie	127.0.0.1	success	admin
2026-04-09 09:14:15.447455	43	CONNEXION	Auth	Réussie	127.0.0.1	success	finance
2026-04-09 09:20:30.618905	44	CONNEXION	Auth	Réussie	127.0.0.1	success	reception
2026-04-09 09:24:22.205092	45	CONNEXION	Auth	Réussie	127.0.0.1	success	docteur
2026-04-09 09:25:18.528152	46	CONNEXION	Auth	Réussie	127.0.0.1	success	docteur
2026-04-09 09:50:35.953044	47	CONNEXION	Auth	Réussie	127.0.0.1	success	pharmacie
2026-04-09 11:44:22.906509	48	CONNEXION	Auth	Réussie	127.0.0.1	success	reception
2026-04-09 12:21:08.848078	49	CONNEXION	Auth	Réussie	127.0.0.1	success	finance
2026-04-09 12:56:17.157997	50	CONNEXION	Auth	Réussie	127.0.0.1	success	reception
2026-04-09 13:06:41.927472	51	CONNEXION	Auth	Réussie	127.0.0.1	success	docteur
2026-04-09 13:15:28.931488	52	CONNEXION	Auth	Réussie	127.0.0.1	success	admin
2026-04-09 13:33:17.468811	53	CONNEXION	Auth	Réussie	127.0.0.1	success	finance
2026-04-09 14:29:38.061837	54	CONNEXION	Auth	Réussie	127.0.0.1	success	Kambale
2026-04-09 14:31:18.845336	55	CONNEXION	Auth	Réussie	127.0.0.1	success	admin
2026-04-09 14:39:00.359189	56	CONNEXION	Auth	Réussie	127.0.0.1	success	patient
2026-04-09 14:48:20.748892	57	CONNEXION	Auth	Réussie	127.0.0.1	success	finance
2026-04-09 15:09:12.164276	58	CONNEXION	Auth	Réussie	127.0.0.1	success	labo
2026-04-09 15:40:55.392125	59	CONNEXION	Auth	Réussie	127.0.0.1	success	labo
2026-04-09 18:23:03.133923	60	CONNEXION	Auth	Réussie	127.0.0.1	success	labo
2026-04-09 18:26:08.637129	61	CONNEXION	Auth	Réussie	127.0.0.1	success	reception
2026-04-09 18:44:38.346931	62	CONNEXION	Auth	Réussie	127.0.0.1	success	docteur
2026-04-09 18:48:15.140312	63	CONNEXION	Auth	Réussie	127.0.0.1	success	docteur
2026-04-09 19:41:38.227648	64	CONNEXION	Auth	Réussie	127.0.0.1	success	docteur
2026-04-09 19:43:06.308418	65	CONNEXION	Auth	Réussie	127.0.0.1	success	docteur
2026-04-09 20:08:42.905639	66	CONNEXION	Auth	Réussie	127.0.0.1	success	patient
2026-04-09 20:12:49.205581	67	CONNEXION	Auth	Réussie	127.0.0.1	success	patient
2026-04-09 20:25:19.207941	68	CONNEXION	Auth	Réussie	127.0.0.1	success	reception
2026-04-09 20:28:29.116722	69	CONNEXION	Auth	Réussie	127.0.0.1	success	finance
2026-04-09 20:32:17.917718	70	CONNEXION	Auth	Réussie	127.0.0.1	success	docteur
2026-04-09 20:42:31.520793	71	CONNEXION	Auth	Réussie	127.0.0.1	success	finance
2026-04-09 20:46:45.926124	72	CONNEXION	Auth	Réussie	127.0.0.1	success	labo
2026-04-09 20:52:14.334105	73	CONNEXION	Auth	Réussie	127.0.0.1	success	labo
2026-04-09 20:53:56.72978	74	CONNEXION	Auth	Réussie	127.0.0.1	success	docteur
2026-04-09 21:28:34.546695	75	CONNEXION	Auth	Réussie	127.0.0.1	success	patient
2026-04-09 21:31:19.851035	76	CONNEXION	Auth	Réussie	127.0.0.1	success	patient
2026-04-09 21:32:16.954912	77	CONNEXION	Auth	Réussie	127.0.0.1	success	patient
2026-04-09 21:58:03.695209	78	CONNEXION	Auth	Réussie	127.0.0.1	success	docteur
2026-04-09 22:11:09.787855	79	CONNEXION	Auth	Réussie	127.0.0.1	success	patient
2026-04-09 22:16:42.489155	80	CONNEXION	Auth	Réussie	127.0.0.1	success	docteur
2026-04-09 22:44:36.799875	81	CONNEXION	Auth	Réussie	127.0.0.1	success	finance
2026-04-09 23:46:44.756905	82	CONNEXION	Auth	Réussie	127.0.0.1	success	docteur
2026-04-09 23:58:43.561437	83	CONNEXION	Auth	Réussie	127.0.0.1	success	docteur
2026-04-09 23:59:45.064295	84	CONNEXION	Auth	Réussie	127.0.0.1	success	patient
2026-04-10 00:23:06.769789	85	CONNEXION	Auth	Réussie	127.0.0.1	success	docteur
2026-04-10 00:55:14.555713	86	CONNEXION	Auth	Réussie	127.0.0.1	success	labo
2026-04-10 11:20:11.705183	87	CONNEXION	Auth	Réussie	127.0.0.1	success	patient
2026-04-10 11:46:59.41969	88	CONNEXION	Auth	Réussie	127.0.0.1	success	docteur
2026-04-10 13:52:55.970653	89	CONNEXION	Auth	Réussie	127.0.0.1	success	pharmacie
2026-04-10 14:15:28.814853	90	CONNEXION	Auth	Réussie	127.0.0.1	success	docteur
2026-04-10 14:24:57.618171	91	CONNEXION	Auth	Réussie	127.0.0.1	success	reception
2026-04-10 14:29:22.842442	92	CONNEXION	Auth	Réussie	127.0.0.1	success	docteur
2026-04-10 14:49:16.453969	93	CONNEXION	Auth	Réussie	127.0.0.1	success	finance
2026-04-10 16:44:04.277842	94	CONNEXION	Auth	Réussie	127.0.0.1	success	finance
2026-04-10 20:34:21.233069	95	CONNEXION	Auth	Réussie	127.0.0.1	success	finance
2026-04-11 07:23:26.717013	96	CONNEXION	Auth	Réussie	127.0.0.1	success	docteur
2026-04-11 07:24:36.239726	97	CONNEXION	Auth	Réussie	127.0.0.1	success	finance
2026-04-11 07:34:43.913818	98	CONNEXION	Auth	Réussie	127.0.0.1	success	docteur
2026-04-11 07:40:49.904047	99	CONNEXION	Auth	Réussie	127.0.0.1	success	finance
2026-04-11 07:45:09.220128	100	CONNEXION	Auth	Réussie	127.0.0.1	success	docteur
2026-04-11 07:46:38.310123	101	CONNEXION	Auth	Réussie	127.0.0.1	success	finance
2026-04-11 09:05:26.99608	102	CONNEXION	Auth	Réussie	127.0.0.1	success	finance
2026-04-11 09:42:45.975351	103	CONNEXION	Auth	Réussie	127.0.0.1	success	labo
2026-04-11 09:43:35.172298	104	CONNEXION	Auth	Réussie	127.0.0.1	success	pharmacie
2026-04-11 09:45:18.476509	105	CONNEXION	Auth	Réussie	127.0.0.1	success	docteur
2026-04-11 10:51:32.7929	106	CONNEXION	Auth	Réussie	127.0.0.1	success	finance
2026-04-11 11:30:48.088659	107	CONNEXION	Auth	Réussie	127.0.0.1	success	finance
2026-04-11 11:42:57.78255	108	CONNEXION	Auth	Réussie	127.0.0.1	success	Ornella
2026-04-11 11:44:38.477063	109	CONNEXION	Auth	Réussie	127.0.0.1	success	reception
2026-04-11 11:48:19.963821	110	CONNEXION	Auth	Réussie	127.0.0.1	success	labo
2026-04-11 11:51:04.07825	111	CONNEXION	Auth	Réussie	127.0.0.1	success	finance
2026-04-11 15:37:25.011048	112	CONNEXION	Auth	Réussie	127.0.0.1	success	finance
2026-04-11 17:45:49.427644	113	CONNEXION	Auth	Réussie	127.0.0.1	success	pharmacie
2026-04-11 17:45:58.53745	114	CONNEXION	Auth	Réussie	127.0.0.1	success	pharmacie
2026-04-11 17:54:42.327904	115	CONNEXION	Auth	Réussie	127.0.0.1	success	finance
2026-04-11 19:12:12.539916	116	CONNEXION	Auth	Réussie	127.0.0.1	success	pharmacie
2026-04-11 19:13:27.239982	117	CONNEXION	Auth	Réussie	127.0.0.1	success	reception
2026-04-11 19:16:25.7505	118	CONNEXION	Auth	Réussie	127.0.0.1	success	finance
2026-04-11 19:17:26.137928	119	CONNEXION	Auth	Réussie	127.0.0.1	success	docteur
2026-04-11 19:24:25.050922	120	CONNEXION	Auth	Réussie	127.0.0.1	success	labo
2026-04-11 19:27:12.54634	121	CONNEXION	Auth	Réussie	127.0.0.1	success	docteur
2026-04-11 20:20:45.919111	122	CONNEXION	Auth	Réussie	127.0.0.1	success	finance
2026-04-11 21:03:20.815803	123	CONNEXION	Auth	Réussie	127.0.0.1	success	pharmacie
2026-04-11 21:20:33.903832	124	CONNEXION	Auth	Réussie	127.0.0.1	success	reception
2026-04-11 21:38:01.807372	125	CONNEXION	Auth	Réussie	127.0.0.1	success	docteur
2026-04-11 21:40:42.814834	126	CONNEXION	Auth	Réussie	127.0.0.1	success	reception
2026-04-11 21:42:28.118255	127	CONNEXION	Auth	Réussie	127.0.0.1	success	docteur
2026-04-11 21:44:09.705404	128	CONNEXION	Auth	Réussie	127.0.0.1	success	labo
2026-04-11 21:45:26.313757	129	CONNEXION	Auth	Réussie	127.0.0.1	success	docteur
2026-04-11 22:14:09.604542	130	CONNEXION	Auth	Réussie	127.0.0.1	success	reception
2026-04-11 22:18:32.212614	131	CONNEXION	Auth	Réussie	127.0.0.1	success	reception
2026-04-11 22:18:53.522582	132	CONNEXION	Auth	Réussie	127.0.0.1	success	finance
2026-04-11 22:20:29.416691	133	CONNEXION	Auth	Réussie	127.0.0.1	success	reception
2026-04-11 22:38:27.48669	134	CONNEXION	Auth	Réussie	127.0.0.1	success	reception
2026-04-11 22:45:42.001827	135	CONNEXION	Auth	Réussie	127.0.0.1	success	finance
2026-04-11 22:46:33.285415	136	CONNEXION	Auth	Réussie	127.0.0.1	success	pharmacie
2026-04-11 22:51:25.99107	137	CONNEXION	Auth	Réussie	127.0.0.1	success	docteur
2026-04-11 23:10:03.952782	138	CONNEXION	Auth	Réussie	127.0.0.1	success	labo
2026-04-11 23:11:18.634617	139	CONNEXION	Auth	Réussie	127.0.0.1	success	docteur
2026-04-11 23:14:19.534681	140	CONNEXION	Auth	Réussie	127.0.0.1	success	finance
2026-04-11 23:14:44.737567	141	CONNEXION	Auth	Réussie	127.0.0.1	success	pharmacie
2026-04-11 23:34:09.842538	142	CONNEXION	Auth	Réussie	127.0.0.1	success	pharmacie
2026-04-11 23:55:24.570659	143	CONNEXION	Auth	Réussie	127.0.0.1	success	docteur
2026-04-11 23:59:59.267909	144	CONNEXION	Auth	Réussie	127.0.0.1	success	patient
2026-04-12 09:16:30.487815	145	CONNEXION	Auth	Réussie	127.0.0.1	success	pharmacie
2026-04-12 11:43:46.773391	146	CONNEXION	Auth	Réussie	127.0.0.1	success	docteur
2026-04-12 11:47:03.50219	147	CONNEXION	Auth	Réussie	127.0.0.1	success	docteur
2026-04-12 12:36:29.73551	148	CONNEXION	Auth	Réussie	127.0.0.1	success	docteur
2026-04-12 13:32:39.049336	149	CONNEXION	Auth	Réussie	127.0.0.1	success	patient
2026-04-12 13:34:25.533556	150	CONNEXION	Auth	Réussie	127.0.0.1	success	docteur
2026-04-12 13:42:57.447588	151	CONNEXION	Auth	Réussie	127.0.0.1	success	patient
2026-04-12 14:21:33.729519	152	CONNEXION	Auth	Réussie	127.0.0.1	success	docteur
2026-04-12 14:21:40.34753	153	CONNEXION	Auth	Réussie	127.0.0.1	success	docteur
2026-04-12 14:58:05.385571	154	CONNEXION	Auth	Réussie	127.0.0.1	success	patient
2026-04-12 20:08:40.461452	155	CONNEXION	Auth	Réussie	127.0.0.1	success	patient
2026-04-12 21:16:23.620134	156	CONNEXION	Auth	Réussie	127.0.0.1	success	reception
\.


--
-- TOC entry 3756 (class 0 OID 18002)
-- Dependencies: 231
-- Data for Name: chat_messages; Type: TABLE DATA; Schema: public; Owner: -
--

COPY public.chat_messages (is_read, created_at, id, receiver_id, sender_id, content) FROM stdin;
f	2026-04-09 19:32:31.907535	1	10	9	Bonjour 
f	2026-04-09 20:10:15.20327	2	11	9	bonsoir
t	2026-04-10 14:21:17.225477	3	9	9	Bonjour 
f	2026-04-12 00:18:44.642486	5	11	9	bonsoir
f	2026-04-12 01:12:04.325937	6	11	9	bonsoire
f	2026-04-12 01:16:32.320527	9	11	9	 , m,m
t	2026-04-12 13:32:07.230024	10	9	9	Bonjour 
f	2026-04-12 13:48:57.892817	12	11	9	bonjour
f	2026-04-12 13:50:03.535922	13	11	9	salut
t	2026-04-12 00:17:48.246621	4	9	12	bonsoir docteur
t	2026-04-12 01:12:58.22483	7	9	12	bonjour
t	2026-04-12 01:14:44.530626	8	9	12	bonjour
t	2026-04-12 13:47:15.542866	11	9	12	Bonjour docteur 
t	2026-04-12 13:52:18.214854	14	9	12	Salut
t	2026-04-12 14:58:28.880801	15	12	9	salut comment
t	2026-04-12 14:58:57.184174	16	9	12	Bien merci et vous ?
t	2026-04-12 14:59:28.281467	17	12	9	moi aussi ca riule dis moi
t	2026-04-12 15:00:28.619173	18	9	12	Tu seras disponible quand ?
t	2026-04-12 15:01:32.37954	19	12	9	le dimanche prochain
t	2026-04-12 15:02:11.288124	20	9	12	D'accord je crois bien nous aurons le temps de beaucoup partagé 
t	2026-04-12 15:03:04.923391	21	12	9	vers quelle heure svp
t	2026-04-12 15:04:11.83032	22	9	12	Je serais de retour vers 13h
t	2026-04-12 15:06:31.24958	23	12	9	bien
t	2026-04-12 15:07:22.088209	24	9	12	Bonsoir Dr. Juif 
t	2026-04-12 15:08:04.944662	25	12	9	Bonsoir Mon patient comment vous allez ce soir?
t	2026-04-12 15:08:40.97621	26	9	12	Je me porte très bien mon docteur 
t	2026-04-12 15:09:22.241408	27	9	12	Je devrais avoir un Rdv avec vous pour la consultation 
t	2026-04-12 15:10:14.193345	28	12	9	Hoo pas de souci veillez reserver deja ton RDV dans cette application okey?
t	2026-04-12 15:10:35.365978	29	9	12	Merci Docteur 
\.


--
-- TOC entry 3757 (class 0 OID 18014)
-- Dependencies: 232
-- Data for Name: consultation_exams; Type: TABLE DATA; Schema: public; Owner: -
--

COPY public.consultation_exams (consultation_id, service_id, note) FROM stdin;
\.


--
-- TOC entry 3758 (class 0 OID 18018)
-- Dependencies: 233
-- Data for Name: consultation_services; Type: TABLE DATA; Schema: public; Owner: -
--

COPY public.consultation_services (consultation_id, service_id) FROM stdin;
\.


--
-- TOC entry 3760 (class 0 OID 18026)
-- Dependencies: 235
-- Data for Name: consultations; Type: TABLE DATA; Schema: public; Owner: -
--

COPY public.consultations (consul_amount_due, consul_amount_paid, exam_amount_paid, exam_total_amount, fiche_amount_due, fiche_amount_paid, frais_fiche, is_hospitalized, requires_lab_test, requires_prescription, admission_id, consultation_date, created_at, date_cloture, date_entree, date_sortie, doctor_id, id, invoice_id, patient_id, proposed_new_date, service_id, updated_at, consultation_code, decision_note, diagnosis, notes, poids, reason_for_visit, status, statut, symptoms, taille, temperature, tension_arterielle, treatment) FROM stdin;
\N	\N	0.00	0.00	\N	\N	\N	f	f	f	1	2026-04-08 14:47:00	2026-04-08 12:44:43.894329	\N	\N	\N	2	1	\N	1	\N	\N	2026-04-08 13:28:01.23252	RDV-7DF1D931	\N	\N	\N	\N	Bonjour 	ARCHIVED	\N	\N	\N	\N	\N	\N
\N	\N	0.00	0.00	\N	\N	\N	f	f	f	1	2026-04-08 20:36:00	2026-04-08 18:33:23.268385	\N	\N	\N	2	2	\N	1	\N	\N	2026-04-09 11:53:48.3455	RDV-5681B0F1	\N	\N	\N	60.0	VISITE PERSONNELLE	EN_ATTENTE	\N	\N	100.0	36.0	120/80	\N
15	0	0.00	0.00	0	0	\N	f	f	f	5	2026-04-11 19:15:13.137031	2026-04-11 19:15:13.137708	2026-04-11 19:23:12.033342	\N	\N	9	8	\N	10	\N	2	2026-04-11 19:28:41.938356	0008/2026	\N	Mal au ventre 	Bienvenue 	68	Inconnu	TERMINE	TERMINE	\N	170	396	120/80	
\N	\N	0.00	0.00	\N	\N	\N	f	f	f	\N	2026-04-09 17:12:00	2026-04-09 15:12:23.564085	\N	\N	\N	9	4	\N	10	\N	\N	2026-04-09 15:13:40.368652	RDV-625869A0	\N	\N	\N	\N	Nhhh	ARCHIVED	\N	\N	\N	\N	\N	\N
15	0	0.00	0.00	0	0	\N	f	f	f	6	2026-04-11 21:41:45.104417	2026-04-11 21:41:45.199305	2026-04-11 21:43:27.805449	\N	\N	9	9	\N	10	\N	2	2026-04-11 21:46:55.199614	0009/2026	\N	Bien 	Bien	70	Chaud	TERMINE	TERMINE	\N	170	38	120/30	
30	0	0.00	0.00	0	0	\N	f	f	f	7	2026-04-11 22:15:06.605109	2026-04-11 22:15:06.605953	\N	\N	\N	2	10	\N	12	\N	4	2026-04-11 22:15:06.605959	0010/2026	\N	\N	\N	23	Test	ARRIVED	\N	\N	70	37	120/80	\N
15	0	0.00	0.00	5000	0	\N	f	f	f	3	2026-04-09 20:27:51.31215	2026-04-09 20:27:51.312447	2026-04-09 22:45:44.299466	\N	\N	9	6	\N	9	\N	2	2026-04-09 22:45:44.300322	0006/2026	\N	bien 	\N	60	Maut de ventre	EN_ATTENTE	EXAMENS_PAYES	\N	160	38	120/30	
15	0	0.00	0.00	5000	0	\N	f	f	f	4	2026-04-11 11:46:02.070359	2026-04-11 11:46:02.164598	2026-04-11 11:48:00.563615	\N	\N	9	7	\N	12	\N	2	2026-04-11 15:45:44.699993	0007/2026	\N	visite	Pas trop de sang	70	Recherche	TERMINE	TERMINE	\N	150	37	120	
20	0	0.00	0.00	0	0	\N	f	f	f	2	2026-04-09 12:14:21.536394	2026-04-09 12:14:21.536855	2026-04-09 22:30:24.193181	\N	\N	9	3	\N	1	\N	1	2026-04-11 16:18:43.691797	0003/2026	\N	jkdsa	Pas trop bien 	70	Maut de tête	TERMINE	TERMINE	\N	180	32	120/80	
15	0	0.00	0.00	0	0	\N	f	f	f	9	2026-04-11 22:39:40.69222	2026-04-11 22:39:40.785608	2026-04-11 22:52:01.788663	\N	\N	9	12	\N	12	\N	2	2026-04-11 23:12:34.937419	0012/2026	\N	Observation Labo : Consultation générale  Positifs 	Observation Labo : Consultation générale  Positifs 	61	Visite	TERMINE	TERMINE	\N	180	37	120/80	
30	0	0.00	0.00	0	0	\N	f	f	f	8	2026-04-11 22:21:40.407991	2026-04-11 22:21:40.408283	\N	\N	\N	9	11	\N	10	\N	4	2026-04-12 13:23:23.635985	0011/2026	\N	\N	\N	60	Bien	TERMINE	\N	\N	170	37	120	\N
\N	\N	0.00	0.00	\N	\N	\N	f	f	f	10	2026-04-09 22:12:00	2026-04-09 20:09:06.307651	\N	\N	\N	9	5	\N	11	\N	\N	2026-04-12 13:32:55.725044	RDV-FC65A0C4	\N	\N	\N	\N	Bonjour docteur 	TERMINE	\N	\N	\N	\N	\N	\N
\N	\N	0.00	0.00	\N	\N	\N	f	f	f	\N	2026-04-12 15:36:00	2026-04-12 13:33:32.926015	\N	\N	\N	9	13	\N	11	\N	\N	2026-04-12 13:33:32.926018	RDV-02198040	\N	\N	\N	\N	Test	EN_ATTENTE	\N	\N	\N	\N	\N	\N
15	0	0.00	0.00	0	0	\N	f	f	f	11	2026-04-12 22:34:25.430538	2026-04-12 22:34:25.523455	\N	\N	\N	9	14	\N	11	\N	2	2026-04-12 22:34:25.523473	0014/2026	\N	\N	\N	70	CHECKING GENERAL	ARRIVED	\N	\N	30	37	120	\N
\.


--
-- TOC entry 3762 (class 0 OID 18040)
-- Dependencies: 237
-- Data for Name: departments; Type: TABLE DATA; Schema: public; Owner: -
--

COPY public.departments (actif, nombre_lits, nombre_personnel, id, chef, description, etage, nom, telephone) FROM stdin;
t	1	0	1	Dr. Ornella	Vente medicament	CHAMBRE244	PHARMACIE	09873875483
t	30	0	2	Dr. Hope	payement 	chmabrenumero 30	FINANCE	09873875483
t	0	0	4	Dr.Janvier	laboratoir pour le test	chambre50	LABORATOIR	09748798645
t	0	0	5	DIEUDONNE	Entrer de notre hpital	numero30	RECEPTION	09745854
t	0	0	6	Dr.Dieudonne	Tous les doctuer de notre systeme sont ici	20	DOCTEURS	09345778945
\.


--
-- TOC entry 3764 (class 0 OID 18051)
-- Dependencies: 239
-- Data for Name: doctors; Type: TABLE DATA; Schema: public; Owner: -
--

COPY public.doctors (id, email, first_name, last_name, phone_number, photo_url, specialty) FROM stdin;
\.


--
-- TOC entry 3766 (class 0 OID 18060)
-- Dependencies: 241
-- Data for Name: document_workflow; Type: TABLE DATA; Schema: public; Owner: -
--

COPY public.document_workflow (consultation_id, created_at, current_handler, id, patient_id, reference_id, updated_at, current_step, document_type, notes, status, workflow_code) FROM stdin;
\.


--
-- TOC entry 3768 (class 0 OID 18076)
-- Dependencies: 243
-- Data for Name: employees; Type: TABLE DATA; Schema: public; Owner: -
--

COPY public.employees (hire_date, is_active, salary, created_at, id, updated_at, user_id, bank_account, contract_type, department, emergency_contact_name, emergency_contact_phone, employee_code, national_id, "position") FROM stdin;
\.


--
-- TOC entry 3770 (class 0 OID 18091)
-- Dependencies: 245
-- Data for Name: expenses; Type: TABLE DATA; Schema: public; Owner: -
--

COPY public.expenses (amount, created_at, created_by_id, date, id, category, description) FROM stdin;
\.


--
-- TOC entry 3772 (class 0 OID 18106)
-- Dependencies: 247
-- Data for Name: invoice_items; Type: TABLE DATA; Schema: public; Owner: -
--

COPY public.invoice_items (quantity, total_price, unit_price, id, invoice_id, description, item_type) FROM stdin;
1	800.00	800.00	1	12	diclophenque - 500	MEDICAMENT
1	0.01	0.01	2	12	diclo - 500	MEDICAMENT
1	800.00	800.00	3	13	diclophenque - 500	MEDICAMENT
1	800.00	800.00	4	13	diclophenque - 500	MEDICAMENT
2	0.02	0.01	5	14	diclo - 1 comprimé matin et soir	MEDICAMENT
2	0.02	0.01	6	14	diclo - 1 comprimé matin et soir	MEDICAMENT
30	24000.00	800.00	7	14	diclos - 500	MEDICAMENT
160	128000.00	800.00	8	14	diclophenque - 500	MEDICAMENT
\.


--
-- TOC entry 3773 (class 0 OID 18118)
-- Dependencies: 248
-- Data for Name: invoices; Type: TABLE DATA; Schema: public; Owner: -
--

COPY public.invoices (discount_amount, paid_amount, subtotal, tax_amount, total_amount, consultation_id, created_at, created_by, id, paid_at, patient_id, prescription_id, updated_at, department_source, invoice_code, notes, payment_method, status) FROM stdin;
\N	\N	\N	\N	7500.00	1	2026-04-11 17:31:14.930173	\N	103	\N	1	\N	\N	PHARMACY	INV-PROD-103	\N	\N	EN_ATTENTE
0.00	1600.00	1600.00	0.00	1600.00	8	2026-04-11 19:28:40.2376	9	11	2026-04-11 21:00:52.725402	10	11	2026-04-11 21:00:52.925071	PHARMACY	INV-1775935720237	\N	ESPECES	PAYEE
0.00	1600.00	1600.00	0.00	1600.00	7	2026-04-11 15:45:42.003361	9	9	2026-04-11 21:01:51.420639	12	3	2026-04-11 21:01:51.517311	PHARMACY	INV-1775922342003	\N	ESPECES	PAYEE
\N	5000.00	\N	\N	5000.00	1	2026-04-11 12:44:07.096987	\N	6	2026-04-11 21:02:15.127381	2	4	2026-04-11 21:02:15.215959	PHARMACY	TEST-PHARMA-001	\N	ESPECES	PAYEE
0.00	800.01	800.01	0.00	800.01	3	2026-04-11 16:18:39.899997	9	10	2026-04-11 21:02:24.72413	1	4	2026-04-11 21:02:24.73485	PHARMACY	INV-1775924319900	\N	ESPECES	PAYEE
0.00	800.01	800.01	0.00	800.01	9	2026-04-11 21:46:52.60184	9	12	2026-04-11 22:46:06.687017	10	6	2026-04-11 22:46:06.696143	PHARMACY	INV-1775944012601	\N	ESPECES	PAYEE
0.00	1600.00	1600.00	0.00	1600.00	12	2026-04-11 23:12:32.134866	9	13	2026-04-11 23:13:15.239054	12	7	2026-04-11 23:13:15.431755	PHARMACY	INV-1775949152134	\N	ESPECES	PAYEE
0.00	0.00	152000.04	0.00	152000.04	8	2026-04-11 23:52:33.160332	1	14	\N	10	5	2026-04-11 23:52:33.663435	PHARMACY	INV-1775951553160	\N	\N	EN_ATTENTE
\.


--
-- TOC entry 3775 (class 0 OID 18136)
-- Dependencies: 250
-- Data for Name: lab_tests; Type: TABLE DATA; Schema: public; Owner: -
--

COPY public.lab_tests (from_finance, unit_price, consultation_id, created_at, doctor_id, id, patient_id, processed_at, processed_by, requested_at, requested_by, updated_at, unit, test_code, description, interpretation, normal_range, priority, results, status, test_name, test_type) FROM stdin;
t	15.00	3	2026-04-09 15:01:30.439838	9	2	1	2026-04-09 18:23:28.935991	\N	2026-04-09 15:01:30.439838	\N	2026-04-09 18:23:29.034156	20/30	LAB-1775746890439-3023	consultation generale	trop de microbe	\N	NORMALE	{"valeur": "Negatif", "unite": "20/30"}	TERMINE	Consultation générale 	LABORATOIRE
t	15.00	3	2026-04-09 15:01:30.658297	9	3	1	2026-04-09 18:23:29.434316	\N	2026-04-09 15:01:30.658297	\N	2026-04-09 18:23:29.532462	300	LAB-1775746890658-9841	Examne general	Pas assez du sel et l'eau 	\N	NORMALE	{"valeur": "Positifs ", "unite": "300"}	TERMINE	Consultation générale 	LABORATOIRE
t	2.30	3	2026-04-09 15:01:30.740865	9	4	1	2026-04-09 18:23:29.747653	\N	2026-04-09 15:01:30.740865	\N	2026-04-09 18:23:29.83242	300/20	LAB-1775746890740-0037	test pour la malaria	Pas trop du sang 	\N	NORMALE	{"valeur": "Positifs ", "unite": "300/20"}	TERMINE	Examen malaria	LABORATOIRE
t	6.00	3	2026-04-09 15:01:30.538961	9	1	1	2026-04-09 18:23:30.044137	\N	2026-04-09 15:01:30.538961	\N	2026-04-09 18:23:30.049666	30/20	LAB-1775746890538-4332	examen pour la bacterie	Pas trop bien 	\N	NORMALE	{"valeur": "Positifs ", "unite": "30/20"}	TERMINE	Examen pour la bactérie	LABORATOIRE
t	30.00	6	2026-04-09 20:43:36.017508	\N	8	9	\N	\N	2026-04-09 20:43:36.017508	\N	2026-04-09 20:43:36.017508	\N	LAB-1775767416017-3094	Examen général 	\N	\N	NORMALE	\N	EN_ATTENTE	Examen général 	LABORATOIRE
t	45.00	6	2026-04-09 20:43:36.220187	\N	9	9	\N	\N	2026-04-09 20:43:36.220187	\N	2026-04-09 20:43:36.220187	\N	LAB-1775767416220-4022	Examen pour les yeux 	\N	\N	NORMALE	\N	EN_ATTENTE	Examen des yeux 	LABORATOIRE
t	6.00	6	2026-04-09 20:43:36.319037	\N	10	9	\N	\N	2026-04-09 20:43:36.319037	\N	2026-04-09 20:43:36.319037	\N	LAB-1775767416319-1935	Bactéries 	\N	\N	NORMALE	\N	EN_ATTENTE	Examen pour la bactérie	LABORATOIRE
t	30.00	6	2026-04-09 20:43:19.521674	9	5	9	2026-04-09 20:53:29.521724	\N	2026-04-09 20:43:19.521674	\N	2026-04-09 20:53:29.61894	20	LAB-1775767399521-2660	Examen général 	Bien	\N	NORMALE	{"valeur": "Positifs ", "unite": "20"}	TERMINE	Examen général 	LABORATOIRE
t	6.00	6	2026-04-09 20:43:19.914902	9	6	9	2026-04-09 20:53:29.720758	\N	2026-04-09 20:43:19.914902	\N	2026-04-09 20:53:29.723335	20	LAB-1775767399914-0186	Bactéries 	Trop de virus 	\N	NORMALE	{"valeur": "Positifs ", "unite": "20"}	TERMINE	Examen pour la bactérie	LABORATOIRE
t	45.00	6	2026-04-09 20:43:20.117961	9	7	9	2026-04-09 20:53:29.927204	\N	2026-04-09 20:43:20.117961	\N	2026-04-09 20:53:29.92961	20/30	LAB-1775767400117-5988	Examen pour les yeux 	Pas trop d'acide 	\N	NORMALE	{"valeur": "Négatif", "unite": "20/30"}	TERMINE	Examen des yeux 	LABORATOIRE
t	3.00	7	2026-04-11 11:49:00.87146	9	11	12	2026-04-11 11:49:57.266559	\N	2026-04-11 11:49:00.87146	\N	2026-04-11 11:49:57.270071	30/40	LAB-1775908140871-3102	ghu	Pas trop de sang	\N	NORMALE	{"valeur": "Positifs", "unite": "30/40"}	TERMINE	Consultation urinaire	LABORATOIRE
t	3.00	8	2026-04-11 19:23:43.03953	9	14	10	2026-04-11 19:26:21.144461	\N	2026-04-11 19:23:43.03953	\N	2026-04-11 19:26:21.1479	20	LAB-1775935423039-0636	Consultation générale 	Bien 	\N	NORMALE	{"valeur": "Positifs ", "unite": "20"}	TERMINE	Consultation urinaire	LABORATOIRE
t	30.00	8	2026-04-11 19:23:42.833194	9	13	10	2026-04-11 19:26:21.270281	\N	2026-04-11 19:23:42.833194	\N	2026-04-11 19:26:21.272876	30/60	LAB-1775935422833-9391	Pas trop 	Bien 	\N	NORMALE	{"valeur": "Mal à l'aise ", "unite": "30/60"}	TERMINE	Examen général 	LABORATOIRE
t	6.00	8	2026-04-11 19:23:42.739929	9	12	10	2026-04-11 19:26:21.362342	\N	2026-04-11 19:23:42.739929	\N	2026-04-11 19:26:21.364446	30	LAB-1775935422739-8740	Pas grave 	Bienvenue 	\N	NORMALE	{"valeur": "Négatif ", "unite": "30"}	TERMINE	Examen pour la bactérie	LABORATOIRE
t	30.00	9	2026-04-11 21:43:56.200405	9	16	10	2026-04-11 21:45:10.311329	\N	2026-04-11 21:43:56.200405	\N	2026-04-11 21:45:10.402767	30	LAB-1775943836200-1792	Eljd	Très bon vraiment 	\N	NORMALE	{"valeur": "Positifs ", "unite": "30"}	TERMINE	Examen général 	LABORATOIRE
t	45.00	9	2026-04-11 21:43:56.203698	9	15	10	2026-04-11 21:45:10.703984	\N	2026-04-11 21:43:56.203698	\N	2026-04-11 21:45:10.801013	10	LAB-1775943836203-4558	Nsbb	Bien	\N	NORMALE	{"valeur": "Positifs ", "unite": "10"}	TERMINE	Examen des yeux 	LABORATOIRE
t	15.00	12	2026-04-11 23:09:32.840366	9	17	12	2026-04-11 23:10:55.438757	\N	2026-04-11 23:09:32.840366	\N	2026-04-11 23:10:55.534954	30	LAB-1775948972840-3643	Bonjoy	Bine vraiment 	\N	NORMALE	{"valeur": "Positifs ", "unite": "30"}	TERMINE	Consultation générale 	LABORATOIRE
\.


--
-- TOC entry 3777 (class 0 OID 18154)
-- Dependencies: 252
-- Data for Name: medical_records; Type: TABLE DATA; Schema: public; Owner: -
--

COPY public.medical_records (height, temperature, weight, created_at, doctor_id, id, patient_id, updated_at, blood_pressure, diagnosis, notes, record_code, status, symptoms, treatment, vital_signs) FROM stdin;
\N	\N	\N	2026-04-12 13:24:07.937939	9	1	12	2026-04-12 13:24:07.937942	\N	jsjjd	/uploads/medical_docs/1776000247930_Beautiful Model.jpg	DOC-1776000247937	TERMINE	\N	ordonnance	\N
\N	\N	\N	2026-04-12 13:24:52.584536	9	2	10	2026-04-12 13:24:52.584539	\N	cccc	/uploads/medical_docs/1776000292583_liste_patients.pdf	DOC-1776000292584	TERMINE	\N	ordonnance	\N
\N	\N	\N	2026-04-12 13:25:51.438667	9	3	10	2026-04-12 13:25:51.43867	\N	hig	/uploads/medical_docs/1776000351437_presentation_ecommerce.docx	DOC-1776000351438	TERMINE	\N	ordonnance	\N
\N	\N	\N	2026-04-12 13:38:19.504471	9	4	10	2026-04-12 13:38:19.504475	\N	jij	/uploads/medical_docs/1776001099501_chrome_proxy.exe	DOC-1776001099504	TERMINE	\N	ordonnance	\N
\N	\N	\N	2026-04-12 14:26:08.932841	9	5	12	2026-04-12 14:26:08.932846	\N	Check	/uploads/medical_docs/1776003968837_1775978232898.jpg	DOC-1776003968931	TERMINE	\N	compte_rendu	\N
\.


--
-- TOC entry 3779 (class 0 OID 18168)
-- Dependencies: 254
-- Data for Name: medical_services; Type: TABLE DATA; Schema: public; Owner: -
--

COPY public.medical_services (duree, is_active, prix, id, departement, description, nom) FROM stdin;
30	t	20	1	Surgical 	Toutes sortes d'opération 	Opération 
30	t	15	2	Labo	Consultation générale 	Consultation générale 
15	t	3	3	Labo	Consultation urinaire 	Consultation urinaire
30	t	30	4	Labo	Examen 	Examen général 
16	t	45	7	Labo	Examen 	Examen des yeux 
30	t	6	8	Labo	Examen bactéries 	Examen pour la bactérie
30	t	2.3	9	Labo	Test pour la malaria 	Examen malaria
\.


--
-- TOC entry 3781 (class 0 OID 18180)
-- Dependencies: 256
-- Data for Name: medications; Type: TABLE DATA; Schema: public; Owner: -
--

COPY public.medications (is_active, minimum_stock, price, purchase_date, requires_prescription, stock_quantity, unit_price, created_at, expiry_date, id, updated_at, category, description, form, generic_name, manufacturer, medication_code, name, strength, supplier) FROM stdin;
t	10	500.00	2026-04-10	t	17	800.00	2026-04-10 14:03:23.814156	\N	2	2026-04-10 14:08:42.319662	Antibiotiques	Médiathèque 	COMPRISE	Diclophenque	Exposition	Médicament 	diclos	500	Pharmaplus
t	10	500.00	2026-04-10	t	15	800.00	2026-04-10 14:03:31.615266	\N	4	2026-04-10 14:08:42.319795	Antibiotiques	Médiathèque 	COMPRISE	Diclophenque	Exposition	Médicame37765	diclophenque	500	Pharmaplus
t	8	0.02	2026-04-09	t	20	0.01	2026-04-09 08:55:26.238896	\N	1	2026-04-11 21:00:52.925296	Antibiotiques	médicament pour le mot de tete	COMPRISE	Diclophenque	Exposition	Med123	diclo		Pharmacie plus
\.


--
-- TOC entry 3783 (class 0 OID 18194)
-- Dependencies: 258
-- Data for Name: notifications; Type: TABLE DATA; Schema: public; Owner: -
--

COPY public.notifications (is_read, created_at, id, reference_id, user_id, message, title, type) FROM stdin;
\.


--
-- TOC entry 3785 (class 0 OID 18208)
-- Dependencies: 260
-- Data for Name: patient_documents; Type: TABLE DATA; Schema: public; Owner: -
--

COPY public.patient_documents (amount_paid, remaining_credit, total_amount, consultation_id, created_at, id, patient_id, document_type, file_name, file_path, file_url, patient_name, payment_status, content, file_size, mime_type) FROM stdin;
\.


--
-- TOC entry 3787 (class 0 OID 18221)
-- Dependencies: 262
-- Data for Name: patients; Type: TABLE DATA; Schema: public; Owner: -
--

COPY public.patients (date_of_birth, heart_rate, height, is_active, temperature, weight, created_at, created_by, id, updated_at, user_id, address, allergies, birth_place, blood_pressure, blood_type, chronic_diseases, city, email, emergency_contact, emergency_phone, first_name, gender, health_area, insurance_number, insurance_provider, last_name, marital_status, nationality, patient_code, phone_number, photo_url, profession, religion, symptoms) FROM stdin;
\N	\N	\N	t	\N	\N	2026-04-08 20:43:58.491832	\N	2	2026-04-08 20:43:58.491851	4	\N	\N	\N	\N	\N	\N	\N	finace@gmail.com	\N	\N	finance	\N	\N	\N	\N	test	\N	\N	PAT-90CBC12C	09847874793	\N	\N	\N	\N
\N	\N	\N	t	\N	\N	2026-04-08 20:46:34.296285	\N	3	2026-04-08 20:46:34.296293	5	\N	\N	\N	\N	\N	\N	\N	reception@gmail.com	\N	\N	reception	\N	\N	\N	\N	test	\N	\N	PAT-FAAA6558	098768956	\N	\N	\N	\N
\N	\N	\N	t	\N	\N	2026-04-08 20:47:57.397403	\N	4	2026-04-08 20:47:57.397411	6	\N	\N	\N	\N	\N	\N	\N	labo@gmail.com	\N	\N	labo	\N	\N	\N	\N	test	\N	\N	PAT-7B2AE9C3	0938478756	\N	\N	\N	\N
\N	\N	\N	t	\N	\N	2026-04-08 20:49:37.190855	\N	5	2026-04-08 20:49:37.190863	7	\N	\N	\N	\N	\N	\N	\N	pharmcie@gmail.com	\N	\N	pharmacie	\N	\N	\N	\N	test	\N	\N	PAT-515D923F	09974909847	\N	\N	\N	\N
\N	\N	\N	t	\N	\N	2026-04-09 09:12:35.25203	\N	6	2026-04-09 09:12:35.252036	8	\N	\N	\N	\N	\N	\N	\N	finance@gmail.com	\N	\N	finance	\N	\N	\N	\N	test	\N	\N	PAT-B554FA46	0828497218	\N	\N	\N	\N
\N	\N	\N	t	\N	\N	2026-04-09 09:24:20.309579	\N	7	2026-04-09 09:24:20.3096	9	\N	\N	\N	\N	\N	\N	\N	docteur@gmail.com	\N	\N	Docteur	\N	\N	\N	\N	Afya	\N	\N	PAT-52C58735	09857793458	\N	\N	\N	\N
\N	\N	\N	t	\N	\N	2026-04-08 09:07:40.998599	\N	1	2026-04-09 12:14:18.636735	3	Beni/matonge	\N	Goma	\N	\N	\N	\N	maestrodieudonne964@gmail.com	\N	\N	Maestro	\N	\N	\N	\N	Dieudonné	Celibataire	\N	PAT-949DCCF1	09384784857	patients/patient_39142f4e-8d1a-4403-ac8b-7fe889162b7e.jpg	Cultivateur/trice)	Protestant(e)	\N
2026-04-09	\N	\N	t	\N	\N	2026-04-09 11:50:41.535694	\N	9	2026-04-09 20:27:48.50917	10	Beni/matonger	\N	Goma	\N	A+	\N	\N	merci@gmail.com	\N	\N	Dieudonné 	MASCULIN	\N	\N	\N	Merci 	Divorce(e)	\N	PAT-1775735441535	+24382859328	https://inuaafia.onrender.com/uploads/patients/patient_27814b53-8cca-44d8-9224-179f885fd522.jpg	Chauffeur	Temoin de Jehovah	\N
\N	\N	\N	t	\N	\N	2026-04-11 11:42:55.367886	\N	12	2026-04-11 11:45:59.665267	13	Matonge	\N	Beni	\N	\N	\N	\N	ornella@gmail.com	\N	\N	Ornella	\N	\N	\N	\N	Muzikale	Celibataire	\N	PAT-D4B9EAFA	08219678	\N	Enseignant(e)	Catholique	\N
\N	\N	\N	t	\N	\N	2026-04-09 14:29:34.942894	\N	10	2026-04-11 19:15:10.242279	11	Matonge	\N	Kinshasa	\N	\N	\N	\N	delphindolikambale@gmail.com	\N	\N	Delphin 	\N	\N	\N	\N	Doli	Marie(e)	\N	PAT-E82C155F	0976412289	\N	Fonctionnaire	Protestant(e)	\N
2017-04-20	\N	\N	t	\N	\N	2026-04-09 14:38:59.352111	\N	11	2026-04-12 22:34:20.429447	12	Beni/Matonge	\N	Bukavu	\N	a+	\N	\N	patient@gmail.com	\N	\N	Eliana	\N	\N	\N	\N	Kavira	Celibataire	\N	PAT-7FC0CDFE	098475975	patients/patient_43fb7f85-3796-4474-aa1e-dd1b11f7c468.jpg	Sans profession	Salutiste	\N
\.


--
-- TOC entry 3789 (class 0 OID 18240)
-- Dependencies: 264
-- Data for Name: pharmacy_order_items; Type: TABLE DATA; Schema: public; Owner: -
--

COPY public.pharmacy_order_items (is_external, quantity, quantity_dispensed, total_price, unit_price, created_at, id, medication_id, pharmacy_order_id, updated_at, batch_number, dosage_instructions, expiry_date) FROM stdin;
\N	4	4	0.04	0.01	2026-04-09 08:57:13.743918	1	1	1	2026-04-09 08:57:13.845339	\N	\N	\N
\N	11	11	0.11	0.01	2026-04-09 09:31:01.30534	2	1	2	2026-04-09 09:31:01.405169	\N	\N	\N
\N	1	1	0.01	0.01	2026-04-09 09:32:56.311733	3	1	3	2026-04-09 09:32:56.405681	\N	\N	\N
\N	3	3	2400.00	800.00	2026-04-10 14:08:42.122169	4	2	4	2026-04-10 14:08:42.320041	\N	\N	\N
\N	5	5	4000.00	800.00	2026-04-10 14:08:42.220421	5	4	4	2026-04-10 14:08:42.32017	\N	\N	\N
\.


--
-- TOC entry 3791 (class 0 OID 18253)
-- Dependencies: 266
-- Data for Name: pharmacy_orders; Type: TABLE DATA; Schema: public; Owner: -
--

COPY public.pharmacy_orders (amount_paid, archived, is_external_prescription, total_amount, created_at, created_by, dispensed_at, dispensed_by, id, patient_id, supplier_id, updated_at, validated_at, validated_by, version, customer_name, doctor_notes, external_prescription_number, notes, order_code, order_type, payment_method, payment_reference, status) FROM stdin;
0.40	f	\N	0.04	2026-04-09 08:57:13.642223	\N	\N	\N	1	\N	\N	2026-04-09 08:57:13.64223	\N	\N	0	Dieudonné	\N	\N		ORD-1775725033642	VENTE_DIRECTE	CASH	\N	PAYEE
0.11	f	\N	0.11	2026-04-09 09:31:01.20421	\N	\N	\N	2	\N	\N	2026-04-09 09:31:01.204232	\N	\N	0	Maestro	\N	\N		ORD-1775727061204	VENTE_DIRECTE	CASH	\N	PAYEE
0.01	f	\N	0.01	2026-04-09 09:32:56.308112	\N	\N	\N	3	\N	\N	2026-04-09 09:32:56.308122	\N	\N	0	Client comptoir	\N	\N		ORD-1775727176308	VENTE_DIRECTE	CASH	\N	PAYEE
6200.00	f	\N	6400.00	2026-04-10 14:08:42.016585	\N	\N	\N	4	\N	\N	2026-04-10 14:08:42.016603	\N	\N	0	Juif	\N	\N	[DETTE] Paiement partiel - Reste: 200.00 FC	ORD-1775830122016	VENTE_DIRECTE	CASH	\N	PAYEE
\.


--
-- TOC entry 3793 (class 0 OID 18270)
-- Dependencies: 268
-- Data for Name: prescribed_exams; Type: TABLE DATA; Schema: public; Owner: -
--

COPY public.prescribed_exams (active, is_critical, quantity, total_price, unit_price, consultation_id, created_at, id, result_entered_at, service_id, updated_at, unit, reference_max, reference_min, analysis_method, reference_range_text, result_entered_by, result_value, cashier_note, doctor_note, lab_comment, lab_note, removal_reason, service_name, status) FROM stdin;
t	f	1	30.00	30.00	9	2026-04-11 21:43:27.698349	15	2026-04-11 21:45:10.199179	4	2026-04-11 21:45:10.202015	30	\N	\N	\N	\N	Technicien	Positifs 	\N	Eljd	Très bon vraiment 	\N	\N	Examen général 	RESULTS_AVAILABLE
t	f	1	45.00	45.00	9	2026-04-11 21:43:27.802218	16	2026-04-11 21:45:10.502003	7	2026-04-11 21:45:10.505139	10	\N	\N	\N	\N	Technicien	Positifs 	\N	Nsbb	Bien	\N	\N	Examen des yeux 	RESULTS_AVAILABLE
t	f	1	15.00	15.00	3	2026-04-09 13:30:39.831258	1	2026-04-09 18:23:28.439075	2	2026-04-09 18:23:28.538917	20/30	\N	\N	\N	\N	Technicien	Negatif	\N	Examne general	trop de microbe	\N	\N	Consultation générale 	RESULTS_AVAILABLE
t	f	1	15.00	15.00	3	2026-04-09 13:30:40.025656	2	2026-04-09 18:23:29.135431	2	2026-04-09 18:23:29.233024	300	\N	\N	\N	\N	Technicien	Positifs 	\N	consultation generale	Pas assez du sel et l'eau 	\N	\N	Consultation générale 	RESULTS_AVAILABLE
t	f	1	2.30	2.30	3	2026-04-09 13:30:40.032607	3	2026-04-09 18:23:29.544534	9	2026-04-09 18:23:29.635586	300/20	\N	\N	\N	\N	Technicien	Positifs 	\N	test pour la malaria	Pas trop du sang 	\N	\N	Examen malaria	RESULTS_AVAILABLE
t	f	1	6.00	6.00	3	2026-04-09 13:30:40.14075	4	2026-04-09 18:23:29.934681	8	2026-04-09 18:23:29.940008	30/20	\N	\N	\N	\N	Technicien	Positifs 	\N	examen pour la bacterie	Pas trop bien 	\N	\N	Examen pour la bactérie	RESULTS_AVAILABLE
t	f	1	15.00	15.00	12	2026-04-11 22:52:01.691846	17	2026-04-11 23:10:55.032133	2	2026-04-11 23:10:55.035988	30	\N	\N	\N	\N	Technicien	Positifs 	\N	Bonjoy	Bine vraiment 	\N	\N	Consultation générale 	RESULTS_AVAILABLE
t	f	1	30.00	30.00	6	2026-04-09 20:41:16.625484	5	2026-04-09 20:53:29.415109	4	2026-04-09 20:53:29.418325	20	\N	\N	\N	\N	Technicien	Positifs 	\N	Examen général 	Bien	\N	\N	Examen général 	RESULTS_AVAILABLE
t	f	1	6.00	6.00	6	2026-04-09 20:41:16.816856	6	2026-04-09 20:53:29.632347	8	2026-04-09 20:53:29.634527	20	\N	\N	\N	\N	Technicien	Positifs 	\N	Bactéries 	Trop de virus 	\N	\N	Examen pour la bactérie	RESULTS_AVAILABLE
t	f	1	45.00	45.00	6	2026-04-09 20:41:16.916992	7	2026-04-09 20:53:29.827615	7	2026-04-09 20:53:29.916805	20/30	\N	\N	\N	\N	Technicien	Négatif	\N	Examen pour les yeux 	Pas trop d'acide 	\N	\N	Examen des yeux 	RESULTS_AVAILABLE
t	f	1	20.00	20.00	3	2026-04-09 22:30:22.890581	8	\N	1	2026-04-09 22:30:22.890621	\N	\N	\N	\N	\N	\N	\N	\N	jkosw	\N	\N	\N	Opération 	PRESCRIBED
t	f	1	20.00	20.00	3	2026-04-09 22:30:24.188565	9	\N	1	2026-04-09 22:30:24.188571	\N	\N	\N	\N	\N	\N	\N	\N	jkosw	\N	\N	\N	Opération 	PRESCRIBED
t	f	1	15.00	15.00	6	2026-04-09 22:45:44.292086	10	\N	2	2026-04-09 22:45:44.29209	\N	\N	\N	\N	\N	\N	\N	\N	huhi	\N	\N	\N	Consultation générale 	PRESCRIBED
t	f	1	3.00	3.00	7	2026-04-11 11:48:00.369235	11	2026-04-11 11:49:57.069058	3	2026-04-11 11:49:57.157951	30/40	\N	\N	\N	\N	Technicien	Positifs	\N	ghu	Pas trop de sang	\N	\N	Consultation urinaire	RESULTS_AVAILABLE
t	f	1	3.00	3.00	8	2026-04-11 19:23:11.767237	12	2026-04-11 19:26:21.061423	3	2026-04-11 19:26:21.063439	20	\N	\N	\N	\N	Technicien	Positifs 	\N	Consultation générale 	Bien 	\N	\N	Consultation urinaire	RESULTS_AVAILABLE
t	f	1	30.00	30.00	8	2026-04-11 19:23:11.935055	13	2026-04-11 19:26:21.236521	4	2026-04-11 19:26:21.239832	30/60	\N	\N	\N	\N	Technicien	Mal à l'aise 	\N	Pas trop 	Bien 	\N	\N	Examen général 	RESULTS_AVAILABLE
t	f	1	6.00	6.00	8	2026-04-11 19:23:11.939519	14	2026-04-11 19:26:21.334562	8	2026-04-11 19:26:21.33664	30	\N	\N	\N	\N	Technicien	Négatif 	\N	Pas grave 	Bienvenue 	\N	\N	Examen pour la bactérie	RESULTS_AVAILABLE
\.


--
-- TOC entry 3795 (class 0 OID 18287)
-- Dependencies: 270
-- Data for Name: prescription_items; Type: TABLE DATA; Schema: public; Owner: -
--

COPY public.prescription_items (dispensed_quantity, duration, is_dispensed, quantity, quantity_per_dose, total_price, unit_price, id, medication_id, prescription_id, dosage, duration_unit, frequency, instructions) FROM stdin;
\N	5	f	\N	2	0	\N	5	2	3	500	\N	2	\N
\N	4	f	\N	2	0	\N	6	4	3	500	\N	2	\N
\N	4	f	\N	2	0	\N	7	1	4	500	\N	3	\N
\N	6	f	\N	2	0	\N	8	4	4	500	\N	3	\N
\N	\N	\N	2	\N	1600	\N	12	1	5	1 comprimé matin et soir	\N	\N	\N
\N	\N	\N	2	\N	1600	\N	13	1	5	1 comprimé matin et soir	\N	\N	\N
\N	\N	\N	2	\N	1600	\N	14	1	11	1 comprimé matin et soir	\N	\N	\N
\N	\N	\N	1	\N	1600	1600	15	1	11	1 comprimé soir	\N	\N	\N
\N	3	f	1	1	1600	1600	16	1	11	1 comprimé soir	\N	\N	\N
\N	7	f	\N	3	0	\N	17	4	6	500	\N	3	\N
\N	2	f	\N	1	0	\N	18	1	6	500	\N	3	\N
\N	6	f	\N	3	0	\N	19	4	7	500	\N	3	\N
\N	8	f	\N	2	0	\N	20	4	7	500	\N	2	\N
\N	5	f	30	2	0	\N	9	2	5	500	\N	3	\N
\N	20	f	160	2	0	\N	10	4	5	500	\N	4	\N
\.


--
-- TOC entry 3797 (class 0 OID 18298)
-- Dependencies: 272
-- Data for Name: prescriptions; Type: TABLE DATA; Schema: public; Owner: -
--

COPY public.prescriptions (amount_paid, total_amount, consultation_id, created_at, dispensed_at, dispensed_by, doctor_id, id, paid_at, paid_by, patient_id, updated_at, notes, prescription_code, status) FROM stdin;
\N	\N	8	2026-04-11 22:17:11.713997	\N	\N	9	11	\N	\N	10	2026-04-11 21:00:52.925413	\N	PRESC-11-DELPHIN	VALIDEE
0.00	0.00	7	2026-04-11 15:45:41.602716	\N	\N	9	3	\N	\N	12	2026-04-11 21:01:51.517543	Pas trop de sang	PRE-1775922341602	VALIDEE
0.00	0.00	3	2026-04-11 16:18:38.794514	\N	\N	9	4	\N	\N	1	2026-04-11 21:02:15.216158	Pas trop bien 	PRE-1775924318794	VALIDEE
0.00	0.00	9	2026-04-11 21:46:51.901038	\N	\N	9	6	\N	\N	10	2026-04-11 22:46:06.788147	Bien	PRE-1775944011901	PAYEE
0.00	0.00	12	2026-04-11 23:12:31.335841	\N	\N	9	7	\N	\N	12	2026-04-11 23:13:15.432124	Observation Labo : Consultation générale  Positifs 	PRE-1775949151335	PAYEE
0.00	0.00	8	2026-04-11 19:28:39.847695	\N	\N	9	5	\N	\N	10	2026-04-11 23:52:32.359712	Bienvenue 	PRE-1775935719847	VALIDEE
\.


--
-- TOC entry 3799 (class 0 OID 18314)
-- Dependencies: 274
-- Data for Name: price_list; Type: TABLE DATA; Schema: public; Owner: -
--

COPY public.price_list (is_active, unit_price, department_id, id, valid_from, valid_until, description, nom, service_type) FROM stdin;
\.


--
-- TOC entry 3800 (class 0 OID 18326)
-- Dependencies: 275
-- Data for Name: role_permissions; Type: TABLE DATA; Schema: public; Owner: -
--

COPY public.role_permissions (role_id, permission) FROM stdin;
9	labo.view
11	patients.read
11	rendez-vous.create
11	patients.write
11	consultations.all
\.


--
-- TOC entry 3802 (class 0 OID 18331)
-- Dependencies: 277
-- Data for Name: roles; Type: TABLE DATA; Schema: public; Owner: -
--

COPY public.roles (id, couleur, description, nom) FROM stdin;
1	\N	Administrateur système avec tous les droits	ROLE_ADMIN
2	\N	Médecin - peut consulter et prescrire	ROLE_DOCTEUR
3	\N	Patient - peut prendre rendez-vous	ROLE_PATIENT
4	\N	Réceptionniste - gère les admissions	ROLE_RECEPTION
5	\N	Agent financier - gestion des factures	ROLE_FINANCE
6	\N	Caissier - encaissement	ROLE_CAISSIER
7	\N	Pharmacien - gestion des médicaments	ROLE_PHARMACIE
8	\N	Pharmacien - gestion des médicaments	ROLE_PHARMACIST
10	\N	Infirmier	ROLE_INFIRMIER
9	#40E070	Technicien de laboratoire	ROLE_LABORATOIRE
11	#40E070	Tres vigilant 	DOCTEUR
\.


--
-- TOC entry 3804 (class 0 OID 18343)
-- Dependencies: 279
-- Data for Name: signalements; Type: TABLE DATA; Schema: public; Owner: -
--

COPY public.signalements (created_at, doctor_id, id, patient_id, description, type) FROM stdin;
\.


--
-- TOC entry 3806 (class 0 OID 18352)
-- Dependencies: 281
-- Data for Name: stock_movements; Type: TABLE DATA; Schema: public; Owner: -
--

COPY public.stock_movements (new_stock, previous_stock, quantity_change, created_at, created_by, id, medication_id, reference_id, movement_type, notes, reference_type) FROM stdin;
\.


--
-- TOC entry 3808 (class 0 OID 18367)
-- Dependencies: 283
-- Data for Name: suppliers; Type: TABLE DATA; Schema: public; Owner: -
--

COPY public.suppliers (is_active, is_preferred, created_at, id, updated_at, contact_person, delivery_time, description, email_address, name, payment_terms, phone_number, physical_address, supplier_code) FROM stdin;
\.


--
-- TOC entry 3810 (class 0 OID 18380)
-- Dependencies: 285
-- Data for Name: users; Type: TABLE DATA; Schema: public; Owner: -
--

COPY public.users (is_active, notification_enabled, sound_enabled, created_at, department_id, id, role_id, updated_at, preferred_language, address, blood_type, date_of_birth, email, first_name, last_name, password, phone_number, photo_url, username, is_online, last_seen) FROM stdin;
t	t	t	2026-04-08 03:43:43.00291	\N	2	2	2026-04-08 03:43:43.002918	fr	\N	\N	\N	doctor@inuaafia.com	Jean	Dupont	$2a$10$G7DjLIvIPaNn4ertqWsSx.uQlA2Bt6bQPEjhv8qvGTi6QEYXSIDDq	+243000000001	\N	doctor	\N	\N
t	t	t	2026-04-08 03:43:40.405729	\N	1	1	2026-04-08 22:10:18.549166	fr	\N	\N	\N	admin@inuaafia.com	Admin	System	$2a$10$GzXXTrAZ4jWIPtMImfJxQ.1o0eCUshH6c39MJst75KtknSXz2Krm.	+243000000000	profile_1_1775686209059.jpg	admin	\N	\N
t	\N	\N	2026-04-08 20:43:58.48505	2	4	5	2026-04-09 08:28:31.937958	\N	\N	\N	\N	finace@gmail.com	finance	test	$2a$10$rLnHSAq8fBALGuuMs5QVT.MBlvodaPsmyphwgF.iPWboPSuXAD9Zq	09847874793	\N	finace	\N	\N
t	\N	\N	2026-04-08 20:47:57.392971	4	6	9	2026-04-09 08:36:13.557972	\N	\N	\N	\N	labo@gmail.com	labo	test	$2a$10$Pgb9XH5n5Ay1zv1Vddf5nOFqQx8LgeRU2zg8ewBf3Pb1ycqInPH1G	0938478756	\N	labo	\N	\N
t	\N	\N	2026-04-08 20:49:37.187509	1	7	7	2026-04-09 08:52:32.944276	\N	\N	\N	\N	pharmcie@gmail.com	pharmacie	test	$2a$10$rJigHEUYbUB./q62j7DYT.qrmuRsy1prBBEBcoAfRjlmzTO3gvjyS	09974909847	\N	pharmacie	\N	\N
t	\N	\N	2026-04-09 09:12:35.239568	2	8	5	2026-04-09 09:13:48.467364	\N	\N	\N	\N	finance@gmail.com	finance	test	$2a$10$5pg.Nn1uh3f4qOuzLT2cB.TaR9e0s/oOEWkRnRmzjXLNAQIAv6DXC	0828497218	\N	finance	\N	\N
t	\N	\N	2026-04-08 09:07:40.092255	\N	3	3	2026-04-09 12:14:18.637079	\N	Beni/matonge	\N	\N	maestrodieudonne964@gmail.com	Maestro	Dieudonné	$2a$10$b.H4ywJyjWSW9mMh9tGNlug4y1pNodvedyil/FByT6d7AOAZBxMhi	09384784857	patients/patient_39142f4e-8d1a-4403-ac8b-7fe889162b7e.jpg	juif	\N	\N
t	\N	\N	2026-04-09 11:50:43.337979	\N	10	3	2026-04-09 20:27:48.607448	\N	Beni/matonger	A+	2026-04-09	merci@gmail.com	Dieudonné 	Merci 	$2a$10$kaWFO7Z5WYPRr2PmV9u/7.7c7ZR3NdSrIg3YayWwq4NKgj1AqZtBy	+24382859328	https://inuaafia.onrender.com/uploads/patients/patient_27814b53-8cca-44d8-9224-179f885fd522.jpg	dieudonné.merci9	\N	\N
t	\N	\N	2026-04-09 09:24:20.209836	6	9	2	2026-04-12 15:20:35.076615	\N	\N	\N	\N	docteur@gmail.com	   	JUIF	$2a$10$YtM/Qd6usVvKKDqAGoF/pu3TyVbVU0GGYK5.FHhWEshsI8ZU19MKe	09857793458	/uploads/doctors/doc_9_1776007204880_JUIF DEV.jpg	docteur	t	2026-04-12 15:20:34.896687
t	\N	\N	2026-04-08 20:46:34.292284	5	5	4	2026-04-12 21:25:00.015891	\N	\N	\N	\N	reception@gmail.com	reception	test	$2a$10$beZhwvWpKfpLThU7NDM2bOQ/HWbCoq6RD5UGP2OCQTDqyFgWy6Yhy	098768956	/uploads/avatars/avatar_5_1776029099920.jpg	reception	\N	\N
t	\N	\N	2026-04-11 11:42:54.670048	\N	13	3	2026-04-11 11:45:59.762352	\N	Matonge	\N	\N	ornella@gmail.com	Ornella	Muzikale	$2a$10$7s/AvqInh6X1dtuAp.jHou2tEdIm5xZMv/O2sRXDZEKdlLzcA345e	08219678	\N	Ornella	\N	\N
t	\N	\N	2026-04-09 14:29:33.944708	\N	11	3	2026-04-11 19:15:10.334598	\N	Matonge	\N	\N	delphindolikambale@gmail.com	Delphin 	Doli	$2a$10$kQ.TP12qcNIeEz3xJCDIs.3pEMrT.JFg0GPDk37wMZfI3m8ER2BWq	0976412289	\N	Kambale	\N	\N
t	\N	\N	2026-04-09 14:38:59.251605	\N	12	3	2026-04-12 22:34:20.435401	\N	Beni/Matonge	a+	2017-04-20	patient@gmail.com	Eliana	Kavira	$2a$10$1aReGevNUH4eF6ZxLIkBY.Ce83XewYyX1juyJ150tHcWk2QHG1bfq	098475975	patients/patient_43fb7f85-3796-4474-aa1e-dd1b11f7c468.jpg	patient	f	2026-04-12 20:23:58.967666
\.


--
-- TOC entry 3812 (class 0 OID 18399)
-- Dependencies: 287
-- Data for Name: workflow_history; Type: TABLE DATA; Schema: public; Owner: -
--

COPY public.workflow_history (action_by, created_at, id, workflow_id, action, from_step, notes, to_step) FROM stdin;
\.


--
-- TOC entry 3820 (class 0 OID 0)
-- Dependencies: 219
-- Name: activities_id_seq; Type: SEQUENCE SET; Schema: public; Owner: -
--

SELECT pg_catalog.setval('public.activities_id_seq', 14, true);


--
-- TOC entry 3821 (class 0 OID 0)
-- Dependencies: 221
-- Name: admins_id_seq; Type: SEQUENCE SET; Schema: public; Owner: -
--

SELECT pg_catalog.setval('public.admins_id_seq', 1, false);


--
-- TOC entry 3822 (class 0 OID 0)
-- Dependencies: 223
-- Name: admissions_id_seq; Type: SEQUENCE SET; Schema: public; Owner: -
--

SELECT pg_catalog.setval('public.admissions_id_seq', 11, true);


--
-- TOC entry 3823 (class 0 OID 0)
-- Dependencies: 226
-- Name: attendance_id_seq; Type: SEQUENCE SET; Schema: public; Owner: -
--

SELECT pg_catalog.setval('public.attendance_id_seq', 1, false);


--
-- TOC entry 3824 (class 0 OID 0)
-- Dependencies: 228
-- Name: audit_logs_id_seq; Type: SEQUENCE SET; Schema: public; Owner: -
--

SELECT pg_catalog.setval('public.audit_logs_id_seq', 156, true);


--
-- TOC entry 3825 (class 0 OID 0)
-- Dependencies: 230
-- Name: chat_messages_id_seq; Type: SEQUENCE SET; Schema: public; Owner: -
--

SELECT pg_catalog.setval('public.chat_messages_id_seq', 29, true);


--
-- TOC entry 3826 (class 0 OID 0)
-- Dependencies: 234
-- Name: consultations_id_seq; Type: SEQUENCE SET; Schema: public; Owner: -
--

SELECT pg_catalog.setval('public.consultations_id_seq', 14, true);


--
-- TOC entry 3827 (class 0 OID 0)
-- Dependencies: 236
-- Name: departments_id_seq; Type: SEQUENCE SET; Schema: public; Owner: -
--

SELECT pg_catalog.setval('public.departments_id_seq', 6, true);


--
-- TOC entry 3828 (class 0 OID 0)
-- Dependencies: 238
-- Name: doctors_id_seq; Type: SEQUENCE SET; Schema: public; Owner: -
--

SELECT pg_catalog.setval('public.doctors_id_seq', 1, false);


--
-- TOC entry 3829 (class 0 OID 0)
-- Dependencies: 240
-- Name: document_workflow_id_seq; Type: SEQUENCE SET; Schema: public; Owner: -
--

SELECT pg_catalog.setval('public.document_workflow_id_seq', 1, false);


--
-- TOC entry 3830 (class 0 OID 0)
-- Dependencies: 242
-- Name: employees_id_seq; Type: SEQUENCE SET; Schema: public; Owner: -
--

SELECT pg_catalog.setval('public.employees_id_seq', 1, false);


--
-- TOC entry 3831 (class 0 OID 0)
-- Dependencies: 244
-- Name: expenses_id_seq; Type: SEQUENCE SET; Schema: public; Owner: -
--

SELECT pg_catalog.setval('public.expenses_id_seq', 1, false);


--
-- TOC entry 3832 (class 0 OID 0)
-- Dependencies: 246
-- Name: invoice_items_id_seq; Type: SEQUENCE SET; Schema: public; Owner: -
--

SELECT pg_catalog.setval('public.invoice_items_id_seq', 8, true);


--
-- TOC entry 3833 (class 0 OID 0)
-- Dependencies: 289
-- Name: invoices_id_seq; Type: SEQUENCE SET; Schema: public; Owner: -
--

SELECT pg_catalog.setval('public.invoices_id_seq', 14, true);


--
-- TOC entry 3834 (class 0 OID 0)
-- Dependencies: 288
-- Name: invoices_seq; Type: SEQUENCE SET; Schema: public; Owner: -
--

SELECT pg_catalog.setval('public.invoices_seq', 103, true);


--
-- TOC entry 3835 (class 0 OID 0)
-- Dependencies: 249
-- Name: lab_tests_id_seq; Type: SEQUENCE SET; Schema: public; Owner: -
--

SELECT pg_catalog.setval('public.lab_tests_id_seq', 17, true);


--
-- TOC entry 3836 (class 0 OID 0)
-- Dependencies: 251
-- Name: medical_records_id_seq; Type: SEQUENCE SET; Schema: public; Owner: -
--

SELECT pg_catalog.setval('public.medical_records_id_seq', 5, true);


--
-- TOC entry 3837 (class 0 OID 0)
-- Dependencies: 253
-- Name: medical_services_id_seq; Type: SEQUENCE SET; Schema: public; Owner: -
--

SELECT pg_catalog.setval('public.medical_services_id_seq', 9, true);


--
-- TOC entry 3838 (class 0 OID 0)
-- Dependencies: 255
-- Name: medications_id_seq; Type: SEQUENCE SET; Schema: public; Owner: -
--

SELECT pg_catalog.setval('public.medications_id_seq', 4, true);


--
-- TOC entry 3839 (class 0 OID 0)
-- Dependencies: 257
-- Name: notifications_id_seq; Type: SEQUENCE SET; Schema: public; Owner: -
--

SELECT pg_catalog.setval('public.notifications_id_seq', 1, false);


--
-- TOC entry 3840 (class 0 OID 0)
-- Dependencies: 259
-- Name: patient_documents_id_seq; Type: SEQUENCE SET; Schema: public; Owner: -
--

SELECT pg_catalog.setval('public.patient_documents_id_seq', 1, false);


--
-- TOC entry 3841 (class 0 OID 0)
-- Dependencies: 261
-- Name: patients_id_seq; Type: SEQUENCE SET; Schema: public; Owner: -
--

SELECT pg_catalog.setval('public.patients_id_seq', 12, true);


--
-- TOC entry 3842 (class 0 OID 0)
-- Dependencies: 263
-- Name: pharmacy_order_items_id_seq; Type: SEQUENCE SET; Schema: public; Owner: -
--

SELECT pg_catalog.setval('public.pharmacy_order_items_id_seq', 5, true);


--
-- TOC entry 3843 (class 0 OID 0)
-- Dependencies: 265
-- Name: pharmacy_orders_id_seq; Type: SEQUENCE SET; Schema: public; Owner: -
--

SELECT pg_catalog.setval('public.pharmacy_orders_id_seq', 6, true);


--
-- TOC entry 3844 (class 0 OID 0)
-- Dependencies: 267
-- Name: prescribed_exams_id_seq; Type: SEQUENCE SET; Schema: public; Owner: -
--

SELECT pg_catalog.setval('public.prescribed_exams_id_seq', 17, true);


--
-- TOC entry 3845 (class 0 OID 0)
-- Dependencies: 269
-- Name: prescription_items_id_seq; Type: SEQUENCE SET; Schema: public; Owner: -
--

SELECT pg_catalog.setval('public.prescription_items_id_seq', 20, true);


--
-- TOC entry 3846 (class 0 OID 0)
-- Dependencies: 271
-- Name: prescriptions_id_seq; Type: SEQUENCE SET; Schema: public; Owner: -
--

SELECT pg_catalog.setval('public.prescriptions_id_seq', 7, true);


--
-- TOC entry 3847 (class 0 OID 0)
-- Dependencies: 273
-- Name: price_list_id_seq; Type: SEQUENCE SET; Schema: public; Owner: -
--

SELECT pg_catalog.setval('public.price_list_id_seq', 1, false);


--
-- TOC entry 3848 (class 0 OID 0)
-- Dependencies: 276
-- Name: roles_id_seq; Type: SEQUENCE SET; Schema: public; Owner: -
--

SELECT pg_catalog.setval('public.roles_id_seq', 11, true);


--
-- TOC entry 3849 (class 0 OID 0)
-- Dependencies: 278
-- Name: signalements_id_seq; Type: SEQUENCE SET; Schema: public; Owner: -
--

SELECT pg_catalog.setval('public.signalements_id_seq', 1, false);


--
-- TOC entry 3850 (class 0 OID 0)
-- Dependencies: 280
-- Name: stock_movements_id_seq; Type: SEQUENCE SET; Schema: public; Owner: -
--

SELECT pg_catalog.setval('public.stock_movements_id_seq', 1, false);


--
-- TOC entry 3851 (class 0 OID 0)
-- Dependencies: 282
-- Name: suppliers_id_seq; Type: SEQUENCE SET; Schema: public; Owner: -
--

SELECT pg_catalog.setval('public.suppliers_id_seq', 1, false);


--
-- TOC entry 3852 (class 0 OID 0)
-- Dependencies: 284
-- Name: users_id_seq; Type: SEQUENCE SET; Schema: public; Owner: -
--

SELECT pg_catalog.setval('public.users_id_seq', 13, true);


--
-- TOC entry 3853 (class 0 OID 0)
-- Dependencies: 286
-- Name: workflow_history_id_seq; Type: SEQUENCE SET; Schema: public; Owner: -
--

SELECT pg_catalog.setval('public.workflow_history_id_seq', 1, false);


--
-- TOC entry 3432 (class 2606 OID 17948)
-- Name: activities activities_pkey; Type: CONSTRAINT; Schema: public; Owner: -
--

ALTER TABLE ONLY public.activities
    ADD CONSTRAINT activities_pkey PRIMARY KEY (id);


--
-- TOC entry 3434 (class 2606 OID 17963)
-- Name: admins admins_email_key; Type: CONSTRAINT; Schema: public; Owner: -
--

ALTER TABLE ONLY public.admins
    ADD CONSTRAINT admins_email_key UNIQUE (email);


--
-- TOC entry 3436 (class 2606 OID 17961)
-- Name: admins admins_pkey; Type: CONSTRAINT; Schema: public; Owner: -
--

ALTER TABLE ONLY public.admins
    ADD CONSTRAINT admins_pkey PRIMARY KEY (id);


--
-- TOC entry 3438 (class 2606 OID 17975)
-- Name: admissions admissions_pkey; Type: CONSTRAINT; Schema: public; Owner: -
--

ALTER TABLE ONLY public.admissions
    ADD CONSTRAINT admissions_pkey PRIMARY KEY (id);


--
-- TOC entry 3440 (class 2606 OID 17983)
-- Name: app_config app_config_pkey; Type: CONSTRAINT; Schema: public; Owner: -
--

ALTER TABLE ONLY public.app_config
    ADD CONSTRAINT app_config_pkey PRIMARY KEY (id);


--
-- TOC entry 3442 (class 2606 OID 17991)
-- Name: attendance attendance_pkey; Type: CONSTRAINT; Schema: public; Owner: -
--

ALTER TABLE ONLY public.attendance
    ADD CONSTRAINT attendance_pkey PRIMARY KEY (id);


--
-- TOC entry 3444 (class 2606 OID 18000)
-- Name: audit_logs audit_logs_pkey; Type: CONSTRAINT; Schema: public; Owner: -
--

ALTER TABLE ONLY public.audit_logs
    ADD CONSTRAINT audit_logs_pkey PRIMARY KEY (id);


--
-- TOC entry 3446 (class 2606 OID 18013)
-- Name: chat_messages chat_messages_pkey; Type: CONSTRAINT; Schema: public; Owner: -
--

ALTER TABLE ONLY public.chat_messages
    ADD CONSTRAINT chat_messages_pkey PRIMARY KEY (id);


--
-- TOC entry 3448 (class 2606 OID 18024)
-- Name: consultation_services consultation_services_pkey; Type: CONSTRAINT; Schema: public; Owner: -
--

ALTER TABLE ONLY public.consultation_services
    ADD CONSTRAINT consultation_services_pkey PRIMARY KEY (consultation_id, service_id);


--
-- TOC entry 3450 (class 2606 OID 18038)
-- Name: consultations consultations_consultation_code_key; Type: CONSTRAINT; Schema: public; Owner: -
--

ALTER TABLE ONLY public.consultations
    ADD CONSTRAINT consultations_consultation_code_key UNIQUE (consultation_code);


--
-- TOC entry 3452 (class 2606 OID 18036)
-- Name: consultations consultations_pkey; Type: CONSTRAINT; Schema: public; Owner: -
--

ALTER TABLE ONLY public.consultations
    ADD CONSTRAINT consultations_pkey PRIMARY KEY (id);


--
-- TOC entry 3454 (class 2606 OID 18049)
-- Name: departments departments_pkey; Type: CONSTRAINT; Schema: public; Owner: -
--

ALTER TABLE ONLY public.departments
    ADD CONSTRAINT departments_pkey PRIMARY KEY (id);


--
-- TOC entry 3456 (class 2606 OID 18058)
-- Name: doctors doctors_pkey; Type: CONSTRAINT; Schema: public; Owner: -
--

ALTER TABLE ONLY public.doctors
    ADD CONSTRAINT doctors_pkey PRIMARY KEY (id);


--
-- TOC entry 3458 (class 2606 OID 18072)
-- Name: document_workflow document_workflow_pkey; Type: CONSTRAINT; Schema: public; Owner: -
--

ALTER TABLE ONLY public.document_workflow
    ADD CONSTRAINT document_workflow_pkey PRIMARY KEY (id);


--
-- TOC entry 3460 (class 2606 OID 18074)
-- Name: document_workflow document_workflow_workflow_code_key; Type: CONSTRAINT; Schema: public; Owner: -
--

ALTER TABLE ONLY public.document_workflow
    ADD CONSTRAINT document_workflow_workflow_code_key UNIQUE (workflow_code);


--
-- TOC entry 3462 (class 2606 OID 18089)
-- Name: employees employees_employee_code_key; Type: CONSTRAINT; Schema: public; Owner: -
--

ALTER TABLE ONLY public.employees
    ADD CONSTRAINT employees_employee_code_key UNIQUE (employee_code);


--
-- TOC entry 3464 (class 2606 OID 18085)
-- Name: employees employees_pkey; Type: CONSTRAINT; Schema: public; Owner: -
--

ALTER TABLE ONLY public.employees
    ADD CONSTRAINT employees_pkey PRIMARY KEY (id);


--
-- TOC entry 3466 (class 2606 OID 18087)
-- Name: employees employees_user_id_key; Type: CONSTRAINT; Schema: public; Owner: -
--

ALTER TABLE ONLY public.employees
    ADD CONSTRAINT employees_user_id_key UNIQUE (user_id);


--
-- TOC entry 3468 (class 2606 OID 18104)
-- Name: expenses expenses_pkey; Type: CONSTRAINT; Schema: public; Owner: -
--

ALTER TABLE ONLY public.expenses
    ADD CONSTRAINT expenses_pkey PRIMARY KEY (id);


--
-- TOC entry 3470 (class 2606 OID 18116)
-- Name: invoice_items invoice_items_pkey; Type: CONSTRAINT; Schema: public; Owner: -
--

ALTER TABLE ONLY public.invoice_items
    ADD CONSTRAINT invoice_items_pkey PRIMARY KEY (id);


--
-- TOC entry 3472 (class 2606 OID 18134)
-- Name: invoices invoices_invoice_code_key; Type: CONSTRAINT; Schema: public; Owner: -
--

ALTER TABLE ONLY public.invoices
    ADD CONSTRAINT invoices_invoice_code_key UNIQUE (invoice_code);


--
-- TOC entry 3474 (class 2606 OID 18132)
-- Name: invoices invoices_pkey; Type: CONSTRAINT; Schema: public; Owner: -
--

ALTER TABLE ONLY public.invoices
    ADD CONSTRAINT invoices_pkey PRIMARY KEY (id);


--
-- TOC entry 3476 (class 2606 OID 18150)
-- Name: lab_tests lab_tests_pkey; Type: CONSTRAINT; Schema: public; Owner: -
--

ALTER TABLE ONLY public.lab_tests
    ADD CONSTRAINT lab_tests_pkey PRIMARY KEY (id);


--
-- TOC entry 3478 (class 2606 OID 18152)
-- Name: lab_tests lab_tests_test_code_key; Type: CONSTRAINT; Schema: public; Owner: -
--

ALTER TABLE ONLY public.lab_tests
    ADD CONSTRAINT lab_tests_test_code_key UNIQUE (test_code);


--
-- TOC entry 3480 (class 2606 OID 18164)
-- Name: medical_records medical_records_pkey; Type: CONSTRAINT; Schema: public; Owner: -
--

ALTER TABLE ONLY public.medical_records
    ADD CONSTRAINT medical_records_pkey PRIMARY KEY (id);


--
-- TOC entry 3482 (class 2606 OID 18166)
-- Name: medical_records medical_records_record_code_key; Type: CONSTRAINT; Schema: public; Owner: -
--

ALTER TABLE ONLY public.medical_records
    ADD CONSTRAINT medical_records_record_code_key UNIQUE (record_code);


--
-- TOC entry 3484 (class 2606 OID 18178)
-- Name: medical_services medical_services_pkey; Type: CONSTRAINT; Schema: public; Owner: -
--

ALTER TABLE ONLY public.medical_services
    ADD CONSTRAINT medical_services_pkey PRIMARY KEY (id);


--
-- TOC entry 3486 (class 2606 OID 18192)
-- Name: medications medications_medication_code_key; Type: CONSTRAINT; Schema: public; Owner: -
--

ALTER TABLE ONLY public.medications
    ADD CONSTRAINT medications_medication_code_key UNIQUE (medication_code);


--
-- TOC entry 3488 (class 2606 OID 18190)
-- Name: medications medications_pkey; Type: CONSTRAINT; Schema: public; Owner: -
--

ALTER TABLE ONLY public.medications
    ADD CONSTRAINT medications_pkey PRIMARY KEY (id);


--
-- TOC entry 3490 (class 2606 OID 18206)
-- Name: notifications notifications_pkey; Type: CONSTRAINT; Schema: public; Owner: -
--

ALTER TABLE ONLY public.notifications
    ADD CONSTRAINT notifications_pkey PRIMARY KEY (id);


--
-- TOC entry 3492 (class 2606 OID 18219)
-- Name: patient_documents patient_documents_pkey; Type: CONSTRAINT; Schema: public; Owner: -
--

ALTER TABLE ONLY public.patient_documents
    ADD CONSTRAINT patient_documents_pkey PRIMARY KEY (id);


--
-- TOC entry 3494 (class 2606 OID 18236)
-- Name: patients patients_email_key; Type: CONSTRAINT; Schema: public; Owner: -
--

ALTER TABLE ONLY public.patients
    ADD CONSTRAINT patients_email_key UNIQUE (email);


--
-- TOC entry 3496 (class 2606 OID 18238)
-- Name: patients patients_patient_code_key; Type: CONSTRAINT; Schema: public; Owner: -
--

ALTER TABLE ONLY public.patients
    ADD CONSTRAINT patients_patient_code_key UNIQUE (patient_code);


--
-- TOC entry 3498 (class 2606 OID 18232)
-- Name: patients patients_pkey; Type: CONSTRAINT; Schema: public; Owner: -
--

ALTER TABLE ONLY public.patients
    ADD CONSTRAINT patients_pkey PRIMARY KEY (id);


--
-- TOC entry 3500 (class 2606 OID 18234)
-- Name: patients patients_user_id_key; Type: CONSTRAINT; Schema: public; Owner: -
--

ALTER TABLE ONLY public.patients
    ADD CONSTRAINT patients_user_id_key UNIQUE (user_id);


--
-- TOC entry 3502 (class 2606 OID 18251)
-- Name: pharmacy_order_items pharmacy_order_items_pkey; Type: CONSTRAINT; Schema: public; Owner: -
--

ALTER TABLE ONLY public.pharmacy_order_items
    ADD CONSTRAINT pharmacy_order_items_pkey PRIMARY KEY (id);


--
-- TOC entry 3504 (class 2606 OID 18268)
-- Name: pharmacy_orders pharmacy_orders_order_code_key; Type: CONSTRAINT; Schema: public; Owner: -
--

ALTER TABLE ONLY public.pharmacy_orders
    ADD CONSTRAINT pharmacy_orders_order_code_key UNIQUE (order_code);


--
-- TOC entry 3506 (class 2606 OID 18266)
-- Name: pharmacy_orders pharmacy_orders_pkey; Type: CONSTRAINT; Schema: public; Owner: -
--

ALTER TABLE ONLY public.pharmacy_orders
    ADD CONSTRAINT pharmacy_orders_pkey PRIMARY KEY (id);


--
-- TOC entry 3508 (class 2606 OID 18285)
-- Name: prescribed_exams prescribed_exams_pkey; Type: CONSTRAINT; Schema: public; Owner: -
--

ALTER TABLE ONLY public.prescribed_exams
    ADD CONSTRAINT prescribed_exams_pkey PRIMARY KEY (id);


--
-- TOC entry 3510 (class 2606 OID 18296)
-- Name: prescription_items prescription_items_pkey; Type: CONSTRAINT; Schema: public; Owner: -
--

ALTER TABLE ONLY public.prescription_items
    ADD CONSTRAINT prescription_items_pkey PRIMARY KEY (id);


--
-- TOC entry 3512 (class 2606 OID 18310)
-- Name: prescriptions prescriptions_pkey; Type: CONSTRAINT; Schema: public; Owner: -
--

ALTER TABLE ONLY public.prescriptions
    ADD CONSTRAINT prescriptions_pkey PRIMARY KEY (id);


--
-- TOC entry 3514 (class 2606 OID 18312)
-- Name: prescriptions prescriptions_prescription_code_key; Type: CONSTRAINT; Schema: public; Owner: -
--

ALTER TABLE ONLY public.prescriptions
    ADD CONSTRAINT prescriptions_prescription_code_key UNIQUE (prescription_code);


--
-- TOC entry 3516 (class 2606 OID 18325)
-- Name: price_list price_list_pkey; Type: CONSTRAINT; Schema: public; Owner: -
--

ALTER TABLE ONLY public.price_list
    ADD CONSTRAINT price_list_pkey PRIMARY KEY (id);


--
-- TOC entry 3518 (class 2606 OID 18341)
-- Name: roles roles_nom_key; Type: CONSTRAINT; Schema: public; Owner: -
--

ALTER TABLE ONLY public.roles
    ADD CONSTRAINT roles_nom_key UNIQUE (nom);


--
-- TOC entry 3520 (class 2606 OID 18339)
-- Name: roles roles_pkey; Type: CONSTRAINT; Schema: public; Owner: -
--

ALTER TABLE ONLY public.roles
    ADD CONSTRAINT roles_pkey PRIMARY KEY (id);


--
-- TOC entry 3522 (class 2606 OID 18350)
-- Name: signalements signalements_pkey; Type: CONSTRAINT; Schema: public; Owner: -
--

ALTER TABLE ONLY public.signalements
    ADD CONSTRAINT signalements_pkey PRIMARY KEY (id);


--
-- TOC entry 3524 (class 2606 OID 18365)
-- Name: stock_movements stock_movements_pkey; Type: CONSTRAINT; Schema: public; Owner: -
--

ALTER TABLE ONLY public.stock_movements
    ADD CONSTRAINT stock_movements_pkey PRIMARY KEY (id);


--
-- TOC entry 3526 (class 2606 OID 18376)
-- Name: suppliers suppliers_pkey; Type: CONSTRAINT; Schema: public; Owner: -
--

ALTER TABLE ONLY public.suppliers
    ADD CONSTRAINT suppliers_pkey PRIMARY KEY (id);


--
-- TOC entry 3528 (class 2606 OID 18378)
-- Name: suppliers suppliers_supplier_code_key; Type: CONSTRAINT; Schema: public; Owner: -
--

ALTER TABLE ONLY public.suppliers
    ADD CONSTRAINT suppliers_supplier_code_key UNIQUE (supplier_code);


--
-- TOC entry 3530 (class 2606 OID 18395)
-- Name: users users_email_key; Type: CONSTRAINT; Schema: public; Owner: -
--

ALTER TABLE ONLY public.users
    ADD CONSTRAINT users_email_key UNIQUE (email);


--
-- TOC entry 3532 (class 2606 OID 18393)
-- Name: users users_pkey; Type: CONSTRAINT; Schema: public; Owner: -
--

ALTER TABLE ONLY public.users
    ADD CONSTRAINT users_pkey PRIMARY KEY (id);


--
-- TOC entry 3534 (class 2606 OID 18397)
-- Name: users users_username_key; Type: CONSTRAINT; Schema: public; Owner: -
--

ALTER TABLE ONLY public.users
    ADD CONSTRAINT users_username_key UNIQUE (username);


--
-- TOC entry 3536 (class 2606 OID 18409)
-- Name: workflow_history workflow_history_pkey; Type: CONSTRAINT; Schema: public; Owner: -
--

ALTER TABLE ONLY public.workflow_history
    ADD CONSTRAINT workflow_history_pkey PRIMARY KEY (id);


--
-- TOC entry 3550 (class 2606 OID 18475)
-- Name: document_workflow fk15tvetjuht2c1x1lj28igqfh; Type: FK CONSTRAINT; Schema: public; Owner: -
--

ALTER TABLE ONLY public.document_workflow
    ADD CONSTRAINT fk15tvetjuht2c1x1lj28igqfh FOREIGN KEY (consultation_id) REFERENCES public.consultations(id);


--
-- TOC entry 3568 (class 2606 OID 18565)
-- Name: patient_documents fk15yi60btyo7o6q0x333cvlyyw; Type: FK CONSTRAINT; Schema: public; Owner: -
--

ALTER TABLE ONLY public.patient_documents
    ADD CONSTRAINT fk15yi60btyo7o6q0x333cvlyyw FOREIGN KEY (consultation_id) REFERENCES public.consultations(id);


--
-- TOC entry 3542 (class 2606 OID 18435)
-- Name: consultation_exams fk1fjp6eiddps7nycl62evkbfxq; Type: FK CONSTRAINT; Schema: public; Owner: -
--

ALTER TABLE ONLY public.consultation_exams
    ADD CONSTRAINT fk1fjp6eiddps7nycl62evkbfxq FOREIGN KEY (consultation_id) REFERENCES public.consultations(id);


--
-- TOC entry 3560 (class 2606 OID 18545)
-- Name: lab_tests fk1ge19tpivpqma255xeo3eyy0n; Type: FK CONSTRAINT; Schema: public; Owner: -
--

ALTER TABLE ONLY public.lab_tests
    ADD CONSTRAINT fk1ge19tpivpqma255xeo3eyy0n FOREIGN KEY (requested_by) REFERENCES public.users(id);


--
-- TOC entry 3595 (class 2606 OID 18700)
-- Name: workflow_history fk1li9lr0ngvclecv06yeluhknx; Type: FK CONSTRAINT; Schema: public; Owner: -
--

ALTER TABLE ONLY public.workflow_history
    ADD CONSTRAINT fk1li9lr0ngvclecv06yeluhknx FOREIGN KEY (action_by) REFERENCES public.users(id);


--
-- TOC entry 3582 (class 2606 OID 18645)
-- Name: prescriptions fk2hdpvkpjjx3plf21194oxjskt; Type: FK CONSTRAINT; Schema: public; Owner: -
--

ALTER TABLE ONLY public.prescriptions
    ADD CONSTRAINT fk2hdpvkpjjx3plf21194oxjskt FOREIGN KEY (doctor_id) REFERENCES public.users(id);


--
-- TOC entry 3578 (class 2606 OID 18615)
-- Name: prescribed_exams fk35a4m5jo2xdb18di5uynbseac; Type: FK CONSTRAINT; Schema: public; Owner: -
--

ALTER TABLE ONLY public.prescribed_exams
    ADD CONSTRAINT fk35a4m5jo2xdb18di5uynbseac FOREIGN KEY (consultation_id) REFERENCES public.consultations(id);


--
-- TOC entry 3545 (class 2606 OID 18460)
-- Name: consultations fk3935vj4igj4tdt2c3curth8lm; Type: FK CONSTRAINT; Schema: public; Owner: -
--

ALTER TABLE ONLY public.consultations
    ADD CONSTRAINT fk3935vj4igj4tdt2c3curth8lm FOREIGN KEY (invoice_id) REFERENCES public.invoices(id);


--
-- TOC entry 3555 (class 2606 OID 18500)
-- Name: invoice_items fk46ae0lhu1oqs7cv91fn6y9n7w; Type: FK CONSTRAINT; Schema: public; Owner: -
--

ALTER TABLE ONLY public.invoice_items
    ADD CONSTRAINT fk46ae0lhu1oqs7cv91fn6y9n7w FOREIGN KEY (invoice_id) REFERENCES public.invoices(id);


--
-- TOC entry 3583 (class 2606 OID 18640)
-- Name: prescriptions fk4jmoaxiaqydgf4ohhlh8mhwoi; Type: FK CONSTRAINT; Schema: public; Owner: -
--

ALTER TABLE ONLY public.prescriptions
    ADD CONSTRAINT fk4jmoaxiaqydgf4ohhlh8mhwoi FOREIGN KEY (dispensed_by) REFERENCES public.users(id);


--
-- TOC entry 3537 (class 2606 OID 18410)
-- Name: admissions fk55c5lbeov6h3wtv6gkc25arm; Type: FK CONSTRAINT; Schema: public; Owner: -
--

ALTER TABLE ONLY public.admissions
    ADD CONSTRAINT fk55c5lbeov6h3wtv6gkc25arm FOREIGN KEY (doctor_id) REFERENCES public.users(id);


--
-- TOC entry 3569 (class 2606 OID 18570)
-- Name: patients fk5crb1l6i843y9oe9vneob0uj1; Type: FK CONSTRAINT; Schema: public; Owner: -
--

ALTER TABLE ONLY public.patients
    ADD CONSTRAINT fk5crb1l6i843y9oe9vneob0uj1 FOREIGN KEY (created_by) REFERENCES public.users(id);


--
-- TOC entry 3553 (class 2606 OID 18490)
-- Name: employees fk69x3vjuy1t5p18a5llb8h2fjx; Type: FK CONSTRAINT; Schema: public; Owner: -
--

ALTER TABLE ONLY public.employees
    ADD CONSTRAINT fk69x3vjuy1t5p18a5llb8h2fjx FOREIGN KEY (user_id) REFERENCES public.users(id);


--
-- TOC entry 3554 (class 2606 OID 18495)
-- Name: expenses fk6fhqcptvy3w1t38qfq4a94h4q; Type: FK CONSTRAINT; Schema: public; Owner: -
--

ALTER TABLE ONLY public.expenses
    ADD CONSTRAINT fk6fhqcptvy3w1t38qfq4a94h4q FOREIGN KEY (created_by_id) REFERENCES public.users(id);


--
-- TOC entry 3561 (class 2606 OID 18530)
-- Name: lab_tests fk6hebwgp055r9uikfkv3imwlyl; Type: FK CONSTRAINT; Schema: public; Owner: -
--

ALTER TABLE ONLY public.lab_tests
    ADD CONSTRAINT fk6hebwgp055r9uikfkv3imwlyl FOREIGN KEY (doctor_id) REFERENCES public.users(id);


--
-- TOC entry 3580 (class 2606 OID 18630)
-- Name: prescription_items fk6uh7tdy2lv6sx34u1365acqsf; Type: FK CONSTRAINT; Schema: public; Owner: -
--

ALTER TABLE ONLY public.prescription_items
    ADD CONSTRAINT fk6uh7tdy2lv6sx34u1365acqsf FOREIGN KEY (prescription_id) REFERENCES public.prescriptions(id);


--
-- TOC entry 3589 (class 2606 OID 18675)
-- Name: signalements fk7og341mgbkevru0e3y56jhbtw; Type: FK CONSTRAINT; Schema: public; Owner: -
--

ALTER TABLE ONLY public.signalements
    ADD CONSTRAINT fk7og341mgbkevru0e3y56jhbtw FOREIGN KEY (patient_id) REFERENCES public.patients(id);


--
-- TOC entry 3590 (class 2606 OID 18670)
-- Name: signalements fk99qsj7gyi4c8pho99n0sav2js; Type: FK CONSTRAINT; Schema: public; Owner: -
--

ALTER TABLE ONLY public.signalements
    ADD CONSTRAINT fk99qsj7gyi4c8pho99n0sav2js FOREIGN KEY (doctor_id) REFERENCES public.doctors(id);


--
-- TOC entry 3556 (class 2606 OID 18510)
-- Name: invoices fk9lx1n0d1xu2stp70xvwmdbflt; Type: FK CONSTRAINT; Schema: public; Owner: -
--

ALTER TABLE ONLY public.invoices
    ADD CONSTRAINT fk9lx1n0d1xu2stp70xvwmdbflt FOREIGN KEY (created_by) REFERENCES public.users(id);


--
-- TOC entry 3543 (class 2606 OID 18440)
-- Name: consultation_services fk9wk0ensh7v3woxto1po116wsu; Type: FK CONSTRAINT; Schema: public; Owner: -
--

ALTER TABLE ONLY public.consultation_services
    ADD CONSTRAINT fk9wk0ensh7v3woxto1po116wsu FOREIGN KEY (service_id) REFERENCES public.medical_services(id);


--
-- TOC entry 3567 (class 2606 OID 18560)
-- Name: notifications fk9y21adhxn0ayjhfocscqox7bh; Type: FK CONSTRAINT; Schema: public; Owner: -
--

ALTER TABLE ONLY public.notifications
    ADD CONSTRAINT fk9y21adhxn0ayjhfocscqox7bh FOREIGN KEY (user_id) REFERENCES public.users(id);


--
-- TOC entry 3584 (class 2606 OID 18650)
-- Name: prescriptions fk9yjnplu2gc6durtdqc35wopg3; Type: FK CONSTRAINT; Schema: public; Owner: -
--

ALTER TABLE ONLY public.prescriptions
    ADD CONSTRAINT fk9yjnplu2gc6durtdqc35wopg3 FOREIGN KEY (paid_by) REFERENCES public.users(id);


--
-- TOC entry 3540 (class 2606 OID 18425)
-- Name: chat_messages fkand7mh9iu4kt3n1tn2w9i9of0; Type: FK CONSTRAINT; Schema: public; Owner: -
--

ALTER TABLE ONLY public.chat_messages
    ADD CONSTRAINT fkand7mh9iu4kt3n1tn2w9i9of0 FOREIGN KEY (receiver_id) REFERENCES public.users(id);


--
-- TOC entry 3539 (class 2606 OID 18420)
-- Name: attendance fkb48lmkou5j4rvde9sr88bqgjw; Type: FK CONSTRAINT; Schema: public; Owner: -
--

ALTER TABLE ONLY public.attendance
    ADD CONSTRAINT fkb48lmkou5j4rvde9sr88bqgjw FOREIGN KEY (employee_id) REFERENCES public.employees(id);


--
-- TOC entry 3546 (class 2606 OID 18450)
-- Name: consultations fkcdd62yo2w26cssuv24lc3duxh; Type: FK CONSTRAINT; Schema: public; Owner: -
--

ALTER TABLE ONLY public.consultations
    ADD CONSTRAINT fkcdd62yo2w26cssuv24lc3duxh FOREIGN KEY (admission_id) REFERENCES public.admissions(id);


--
-- TOC entry 3547 (class 2606 OID 18465)
-- Name: consultations fkdqyibd6w1h5h66xn9aqx7fwv5; Type: FK CONSTRAINT; Schema: public; Owner: -
--

ALTER TABLE ONLY public.consultations
    ADD CONSTRAINT fkdqyibd6w1h5h66xn9aqx7fwv5 FOREIGN KEY (patient_id) REFERENCES public.patients(id);


--
-- TOC entry 3562 (class 2606 OID 18540)
-- Name: lab_tests fke9bj0cuafu6v5r65uj1frc4dr; Type: FK CONSTRAINT; Schema: public; Owner: -
--

ALTER TABLE ONLY public.lab_tests
    ADD CONSTRAINT fke9bj0cuafu6v5r65uj1frc4dr FOREIGN KEY (processed_by) REFERENCES public.users(id);


--
-- TOC entry 3581 (class 2606 OID 18625)
-- Name: prescription_items fkedqiiymwh98fpomx841xjuuq7; Type: FK CONSTRAINT; Schema: public; Owner: -
--

ALTER TABLE ONLY public.prescription_items
    ADD CONSTRAINT fkedqiiymwh98fpomx841xjuuq7 FOREIGN KEY (medication_id) REFERENCES public.medications(id);


--
-- TOC entry 3544 (class 2606 OID 18445)
-- Name: consultation_services fkenpbj382gh0q0l4ctcxcbm3oh; Type: FK CONSTRAINT; Schema: public; Owner: -
--

ALTER TABLE ONLY public.consultation_services
    ADD CONSTRAINT fkenpbj382gh0q0l4ctcxcbm3oh FOREIGN KEY (consultation_id) REFERENCES public.consultations(id);


--
-- TOC entry 3587 (class 2606 OID 18660)
-- Name: price_list fkf4emcuf549s167ipwup1fs3d5; Type: FK CONSTRAINT; Schema: public; Owner: -
--

ALTER TABLE ONLY public.price_list
    ADD CONSTRAINT fkf4emcuf549s167ipwup1fs3d5 FOREIGN KEY (department_id) REFERENCES public.departments(id);


--
-- TOC entry 3596 (class 2606 OID 18705)
-- Name: workflow_history fkfdbrd0dyrt70ac1u60c5oxlkc; Type: FK CONSTRAINT; Schema: public; Owner: -
--

ALTER TABLE ONLY public.workflow_history
    ADD CONSTRAINT fkfdbrd0dyrt70ac1u60c5oxlkc FOREIGN KEY (workflow_id) REFERENCES public.document_workflow(id);


--
-- TOC entry 3573 (class 2606 OID 18595)
-- Name: pharmacy_orders fkflrx5v2rpi6qqackm74wl3imb; Type: FK CONSTRAINT; Schema: public; Owner: -
--

ALTER TABLE ONLY public.pharmacy_orders
    ADD CONSTRAINT fkflrx5v2rpi6qqackm74wl3imb FOREIGN KEY (dispensed_by) REFERENCES public.users(id);


--
-- TOC entry 3591 (class 2606 OID 18685)
-- Name: stock_movements fkfojcxlilgd90owm5rxf329hv4; Type: FK CONSTRAINT; Schema: public; Owner: -
--

ALTER TABLE ONLY public.stock_movements
    ADD CONSTRAINT fkfojcxlilgd90owm5rxf329hv4 FOREIGN KEY (medication_id) REFERENCES public.medications(id);


--
-- TOC entry 3541 (class 2606 OID 18430)
-- Name: chat_messages fkgiqeap8ays4lf684x7m0r2729; Type: FK CONSTRAINT; Schema: public; Owner: -
--

ALTER TABLE ONLY public.chat_messages
    ADD CONSTRAINT fkgiqeap8ays4lf684x7m0r2729 FOREIGN KEY (sender_id) REFERENCES public.users(id);


--
-- TOC entry 3579 (class 2606 OID 18620)
-- Name: prescribed_exams fkhjn67xund0gdhenujqftgmopb; Type: FK CONSTRAINT; Schema: public; Owner: -
--

ALTER TABLE ONLY public.prescribed_exams
    ADD CONSTRAINT fkhjn67xund0gdhenujqftgmopb FOREIGN KEY (service_id) REFERENCES public.medical_services(id);


--
-- TOC entry 3548 (class 2606 OID 18470)
-- Name: consultations fkiuf9gdkksyafrl91w17vwc9ho; Type: FK CONSTRAINT; Schema: public; Owner: -
--

ALTER TABLE ONLY public.consultations
    ADD CONSTRAINT fkiuf9gdkksyafrl91w17vwc9ho FOREIGN KEY (service_id) REFERENCES public.medical_services(id);


--
-- TOC entry 3574 (class 2606 OID 18590)
-- Name: pharmacy_orders fkj2itlsdetg1648m7glbqtiioo; Type: FK CONSTRAINT; Schema: public; Owner: -
--

ALTER TABLE ONLY public.pharmacy_orders
    ADD CONSTRAINT fkj2itlsdetg1648m7glbqtiioo FOREIGN KEY (created_by) REFERENCES public.users(id);


--
-- TOC entry 3585 (class 2606 OID 18635)
-- Name: prescriptions fkj6varr98psv2onkoxks6jin14; Type: FK CONSTRAINT; Schema: public; Owner: -
--

ALTER TABLE ONLY public.prescriptions
    ADD CONSTRAINT fkj6varr98psv2onkoxks6jin14 FOREIGN KEY (consultation_id) REFERENCES public.consultations(id);


--
-- TOC entry 3557 (class 2606 OID 18520)
-- Name: invoices fkjj3pwy3yqcb7n40tgk9406eln; Type: FK CONSTRAINT; Schema: public; Owner: -
--

ALTER TABLE ONLY public.invoices
    ADD CONSTRAINT fkjj3pwy3yqcb7n40tgk9406eln FOREIGN KEY (prescription_id) REFERENCES public.prescriptions(id);


--
-- TOC entry 3565 (class 2606 OID 18550)
-- Name: medical_records fkkew56covm00kqia866qlo6n4; Type: FK CONSTRAINT; Schema: public; Owner: -
--

ALTER TABLE ONLY public.medical_records
    ADD CONSTRAINT fkkew56covm00kqia866qlo6n4 FOREIGN KEY (doctor_id) REFERENCES public.users(id);


--
-- TOC entry 3549 (class 2606 OID 18455)
-- Name: consultations fkkog17uvjvkkg4bv6l5eu1ysqw; Type: FK CONSTRAINT; Schema: public; Owner: -
--

ALTER TABLE ONLY public.consultations
    ADD CONSTRAINT fkkog17uvjvkkg4bv6l5eu1ysqw FOREIGN KEY (doctor_id) REFERENCES public.users(id);


--
-- TOC entry 3538 (class 2606 OID 18415)
-- Name: admissions fkkyky6a6qqfqwfvd92qpopwepy; Type: FK CONSTRAINT; Schema: public; Owner: -
--

ALTER TABLE ONLY public.admissions
    ADD CONSTRAINT fkkyky6a6qqfqwfvd92qpopwepy FOREIGN KEY (patient_id) REFERENCES public.patients(id);


--
-- TOC entry 3563 (class 2606 OID 18535)
-- Name: lab_tests fkl4ouv6hgecsaq5h6paubqr684; Type: FK CONSTRAINT; Schema: public; Owner: -
--

ALTER TABLE ONLY public.lab_tests
    ADD CONSTRAINT fkl4ouv6hgecsaq5h6paubqr684 FOREIGN KEY (patient_id) REFERENCES public.patients(id);


--
-- TOC entry 3551 (class 2606 OID 18480)
-- Name: document_workflow fklfgf47mrkofv00txs3dahalwl; Type: FK CONSTRAINT; Schema: public; Owner: -
--

ALTER TABLE ONLY public.document_workflow
    ADD CONSTRAINT fklfgf47mrkofv00txs3dahalwl FOREIGN KEY (current_handler) REFERENCES public.users(id);


--
-- TOC entry 3588 (class 2606 OID 18665)
-- Name: role_permissions fkn5fotdgk8d1xvo8nav9uv3muc; Type: FK CONSTRAINT; Schema: public; Owner: -
--

ALTER TABLE ONLY public.role_permissions
    ADD CONSTRAINT fkn5fotdgk8d1xvo8nav9uv3muc FOREIGN KEY (role_id) REFERENCES public.roles(id);


--
-- TOC entry 3593 (class 2606 OID 18695)
-- Name: users fkp56c1712k691lhsyewcssf40f; Type: FK CONSTRAINT; Schema: public; Owner: -
--

ALTER TABLE ONLY public.users
    ADD CONSTRAINT fkp56c1712k691lhsyewcssf40f FOREIGN KEY (role_id) REFERENCES public.roles(id);


--
-- TOC entry 3558 (class 2606 OID 18505)
-- Name: invoices fkpd1lq3pmag5j92oqv076ynolc; Type: FK CONSTRAINT; Schema: public; Owner: -
--

ALTER TABLE ONLY public.invoices
    ADD CONSTRAINT fkpd1lq3pmag5j92oqv076ynolc FOREIGN KEY (consultation_id) REFERENCES public.consultations(id);


--
-- TOC entry 3575 (class 2606 OID 18610)
-- Name: pharmacy_orders fkq1tbw8om31cyy2kklm08p6gij; Type: FK CONSTRAINT; Schema: public; Owner: -
--

ALTER TABLE ONLY public.pharmacy_orders
    ADD CONSTRAINT fkq1tbw8om31cyy2kklm08p6gij FOREIGN KEY (validated_by) REFERENCES public.users(id);


--
-- TOC entry 3552 (class 2606 OID 18485)
-- Name: document_workflow fkq6y66phej69kv90yqjcgxu2ag; Type: FK CONSTRAINT; Schema: public; Owner: -
--

ALTER TABLE ONLY public.document_workflow
    ADD CONSTRAINT fkq6y66phej69kv90yqjcgxu2ag FOREIGN KEY (patient_id) REFERENCES public.patients(id);


--
-- TOC entry 3586 (class 2606 OID 18655)
-- Name: prescriptions fkqydyol76jn1o37k1bdbkjgq74; Type: FK CONSTRAINT; Schema: public; Owner: -
--

ALTER TABLE ONLY public.prescriptions
    ADD CONSTRAINT fkqydyol76jn1o37k1bdbkjgq74 FOREIGN KEY (patient_id) REFERENCES public.patients(id);


--
-- TOC entry 3576 (class 2606 OID 18605)
-- Name: pharmacy_orders fkr3egfm1d8htq9svqq0wg9bulk; Type: FK CONSTRAINT; Schema: public; Owner: -
--

ALTER TABLE ONLY public.pharmacy_orders
    ADD CONSTRAINT fkr3egfm1d8htq9svqq0wg9bulk FOREIGN KEY (supplier_id) REFERENCES public.suppliers(id);


--
-- TOC entry 3566 (class 2606 OID 18555)
-- Name: medical_records fkrav12h9aiw7pegjt62p8owwn3; Type: FK CONSTRAINT; Schema: public; Owner: -
--

ALTER TABLE ONLY public.medical_records
    ADD CONSTRAINT fkrav12h9aiw7pegjt62p8owwn3 FOREIGN KEY (patient_id) REFERENCES public.patients(id);


--
-- TOC entry 3559 (class 2606 OID 18515)
-- Name: invoices fkrpyotno5h237hyoaokuggqqog; Type: FK CONSTRAINT; Schema: public; Owner: -
--

ALTER TABLE ONLY public.invoices
    ADD CONSTRAINT fkrpyotno5h237hyoaokuggqqog FOREIGN KEY (patient_id) REFERENCES public.patients(id);


--
-- TOC entry 3571 (class 2606 OID 18580)
-- Name: pharmacy_order_items fksbd79vljsor71xwcysivwdq4e; Type: FK CONSTRAINT; Schema: public; Owner: -
--

ALTER TABLE ONLY public.pharmacy_order_items
    ADD CONSTRAINT fksbd79vljsor71xwcysivwdq4e FOREIGN KEY (medication_id) REFERENCES public.medications(id);


--
-- TOC entry 3594 (class 2606 OID 18690)
-- Name: users fksbg59w8q63i0oo53rlgvlcnjq; Type: FK CONSTRAINT; Schema: public; Owner: -
--

ALTER TABLE ONLY public.users
    ADD CONSTRAINT fksbg59w8q63i0oo53rlgvlcnjq FOREIGN KEY (department_id) REFERENCES public.departments(id);


--
-- TOC entry 3577 (class 2606 OID 18600)
-- Name: pharmacy_orders fksbuyqvimreinydqwhi7694wj4; Type: FK CONSTRAINT; Schema: public; Owner: -
--

ALTER TABLE ONLY public.pharmacy_orders
    ADD CONSTRAINT fksbuyqvimreinydqwhi7694wj4 FOREIGN KEY (patient_id) REFERENCES public.patients(id);


--
-- TOC entry 3564 (class 2606 OID 18525)
-- Name: lab_tests fkt6d3s8ra83w9qcamyyle8untr; Type: FK CONSTRAINT; Schema: public; Owner: -
--

ALTER TABLE ONLY public.lab_tests
    ADD CONSTRAINT fkt6d3s8ra83w9qcamyyle8untr FOREIGN KEY (consultation_id) REFERENCES public.consultations(id);


--
-- TOC entry 3592 (class 2606 OID 18680)
-- Name: stock_movements fktarfmf9jkv9ovq74yswik0gsl; Type: FK CONSTRAINT; Schema: public; Owner: -
--

ALTER TABLE ONLY public.stock_movements
    ADD CONSTRAINT fktarfmf9jkv9ovq74yswik0gsl FOREIGN KEY (created_by) REFERENCES public.users(id);


--
-- TOC entry 3572 (class 2606 OID 18585)
-- Name: pharmacy_order_items fktegg1cpj48f8h2wlnhb764odw; Type: FK CONSTRAINT; Schema: public; Owner: -
--

ALTER TABLE ONLY public.pharmacy_order_items
    ADD CONSTRAINT fktegg1cpj48f8h2wlnhb764odw FOREIGN KEY (pharmacy_order_id) REFERENCES public.pharmacy_orders(id);


--
-- TOC entry 3570 (class 2606 OID 18575)
-- Name: patients fkuwca24wcd1tg6pjex8lmc0y7; Type: FK CONSTRAINT; Schema: public; Owner: -
--

ALTER TABLE ONLY public.patients
    ADD CONSTRAINT fkuwca24wcd1tg6pjex8lmc0y7 FOREIGN KEY (user_id) REFERENCES public.users(id);


-- Completed on 2026-04-13 00:37:25

--
-- PostgreSQL database dump complete
--

\unrestrict 0Yo8jSa0RTbWRVsH8ewCDuysiGOM2IrzNSKshL8LQlpNoNPPacSSPFlWdAYx9qB

